,tanggal,title
0,2022-02-28,"PPKM Luar Jawa-Bali Diperpanjang 1-14 Maret 2022, Jumlah Daerah Level 1 Berkurang"
1,2022-02-28,"Toko Elektronik hingga Bengkel di Bekasi Dilanda Kebakaran, Diduga akibat Korsleting Listrik"
2,2022-02-28,"Pedagang Daging Sapi Mogok Jualan, RPH di Tangsel Ikut Libur"
3,2022-02-28,"Pemerintah Resmi Perpanjang PPKM Jawa-Bali 1-7 Maret, Ada 7 Daerah Berstatus Level 4"
4,2022-02-28,"UPDATE 28 Februari: Ada 7.300 Kasus Baru Covid-19 di Jakarta, 55 Pasien Meninggal"
5,2022-02-28,"Kabar Viral Warung Jamu di Depok Dibakar Remaja yang Dilarang Berutang, Polisi Selidiki"
6,2022-02-28,Wapres: Riset dan Inovasi Harus Diprioritaskan untuk Rumuskan Kebijakan yang Modern
7,2022-02-28,Surya Paloh Tegaskan Nasdem Tak Gelar Konvensi Capres 2024
8,2022-02-28,Pengawas Pasar Serpong Imbau Pedagang Daging Sapi Mogok Jualan Hanya Tiga Hari
9,2022-02-28,"Kebakaran Gudang di Kebayoran Lama, Api Merambat hingga Kontrakan dan 2 Mobil Ikut Terbakar"
10,2022-02-28,7 Remaja Ditangkap Polisi Saat Cari Lawan Tawuran Sambil Live Instagram di Depok
11,2022-02-28, Jaksa Agung Perintahkan Kasus Nurhayati Segera Dilimpahkan ke Kejaksaan
12,2022-02-28,"Dituntut Cabut Pergub soal Penggusuran, Wagub DKI: Selama Kepemimpinan Anies, Kami Upayakan Tak Menggusur"
13,2022-02-28,Ayah Pemerkosa Anak Kandung di Depok Ancam Bunuh Adik-adik Korban jika Nafsunya Tak Dilayani
14,2022-02-28,"Sebut Angka Pembegalan Tak Kunjung Turun, Wagub DKI: Tindak Semua Pelaku yang Celakakan Orang Lain"
15,2022-02-28,"Din Syamsuddin Kukuhkan Kepengurusan Partai Pelita, Beni Pramula Jadi Ketum"
16,2022-02-28,"Ada Edaran Mogok, Sejumlah Pedagang Daging Sapi di Pasar Agung Depok Tetap Jualan"
17,2022-02-28,"Besok, Politikus Golkar Azis Samual Diperiksa sebagai Saksi Kasus Pengeroyokan Ketum KNPI"
18,2022-02-28,UPDATE 28 Februari: Vaksinasi Dosis Kedua Capai 69 Persen
19,2022-02-28,Polda Metro Jaya Panggil Politisi Golkar Azis Samual sebagai Saksi Kasus Pengeroyokan Ketum KNPI
20,2022-02-28,"HUT Ke-29 Kota Tangerang, Wali Kota Arief: Kami Fokus Tingkatkan Kesejahteraan Masyarakat"
21,2022-02-28,"Ayah Perkosa Anak Kandung di Depok, Aksinya Terungkap Saat Tepergok Istri"
22,2022-02-28,UPDATE 28 Februari 2022: Kasus Aktif Covid-19 di Indonesia berkurang 19.200
23,2022-02-28,"Terima Berkas Kasus, Polres Depok Dalami Dugaan Penipuan yang Libatkan Jamal Mirdad"
24,2022-02-28,"Profil Susilo Bambang Yudhoyono, dari Militer hingga ke Kursi Presiden"
25,2022-02-28,"UPDATE 28 Februari: Sebaran Kasus Baru Covid-19, DKI Jakarta Tertinggi"
26,2022-02-28,"UPDATE 28 Februari: 276.215 Spesimen Diperiksa dalam Sehari, ""Positivity Rate"" PCR 45,07 Persen"
27,2022-02-28,UPDATE 28 Februari: Sebanyak 43.992 Pasien Covid-19 Selesai Isolasi
28,2022-02-28,UPDATE 28 Februari: Ada 12.782 Suspek Terkait Covid-19
29,2022-02-28,UPDATE 28 Februari: 148.335 Orang Meninggal akibat Covid-19 di Indonesia
30,2022-02-28,"Ada Pedagang Daging Sapi yang Tetap Berjualan di Tengah Aksi Mogok, Ini Kata DPD APDI Jakarta"
31,2022-02-28,"UPDATE 28 Februari: Tambah 25.054, Total Kasus Covid-19 Indonesia Capai 5.564.448"
32,2022-02-28,"Bangun Pertanian Skala Besar di Kebumen, Dompet Dhuafa Garap Lahan 1.000 Hektar"
33,2022-02-28,"Penataan Ulang Belum Rampung, Wali Kota Tangerang Ingin Konsep Pasar Lama Diterapkan di Mal-mal"
34,2022-02-28,"Harga Daging Sapi Naik, DPD APDI Jakarta Berharap Pemerintah Beri Subsidi"
35,2022-02-28,Curhat Pedagang Daging Sapi di Pasar Kramat Jati: Kami Jual Tetap Enggak Ada Pembeli
36,2022-02-28,Mengingat Lagi Penolakan Jokowi soal Jabatan 3 Periode di Tengah Isu Penundaan Pemilu
37,2022-02-28,"Jubir: Kapan Pun Pemilu Dilaksanakan, PSI Siap"
38,2022-02-28,"Kemacetan Jadi Pekerjaan Rumah Pemkot Tangerang, Wali Kota: Terus Kami Benahi"
39,2022-02-28,"Sirkuit Formula E Pakai Lapisan Bambu, Wagub DKI: Sudah Sesuai Ketentuan"
40,2022-02-28,MUI Tak Setuju Usulan Penundaan Pemilu 2024
41,2022-02-28,"KPU: Penundaan Pemilu jika Tak Amandemen UUD 1945, Inkonstitusional"
42,2022-02-28,Survei SMRC: Anies Menang Lawan Prabowo jika Tak Ada Ganjar
43,2022-02-28,"HUT Ke-29 Kota Tangerang, Wali Kota Akui Program Penanganan Banjir Belum Tuntas"
44,2022-02-28,"Dukung Solidaritas Anak Pejuang Kanker, Ganjar Tepati Janji Cukur Gundul"
45,2022-02-28,"Sejarah Pasar Lama, Ikon Kota Tangerang..."
46,2022-02-28,"Polisi yang Tetapkan Nurhayati Tersangka Tak Akan Ditindak, Kabareskrim: Tidak Baik Sedikit-sedikit Menghukum"
47,2022-02-28,Seorang Ayah Diduga Perkosa Anak Kandungnya Berkali-kali di Depok
48,2022-02-28,"Presiden Filipina Anugerahi Yasonna Laoly ""Kaanib ng Bayan Award"""
49,2022-02-28,Jokowi Takziah ke Rumah Duka Almarhum Pakdenya
50,2022-02-28,Pernyataan Kemenlu RI soal Situasi Ukraina Dinilai Berbeda dengan Sikap Jokowi
51,2022-02-28,"Tolak Penundaan Pemilu, Jangan Sampai 32 Tahun Orde Baru Terulang Lagi..."
52,2022-02-28,Pedagang Daging Sapi di Pasar Ciputat Ikut Mogok Jualan Selama 3 Hari
53,2022-02-28,"Ada Usulan Pemilu Ditunda, Komisioner KPU: Kami Anggap Hanya Wacana Politik"
54,2022-02-28,"Mulai Hari Ini, Pedagang Daging Sapi di Pasar Serpong Tangsel Mogok Berjualan "
55,2022-02-28,Kesehatan Arifin Panigoro Sempat Membaik dan Ngobrol dengan Jokowi 
56,2022-02-28,6 WNI Kembali Dievakuasi dari Ukraina
57,2022-02-28,"Arifin Panigoro Meninggal Dunia, Mensesneg Sampaikan Dukacita"
58,2022-02-28,"Rayakan HUT ke-29, Ini Sejarah Kota Tangerang..."
59,2022-02-28,"HUT ke-29 Kota Tangerang, Pemkot Musnahkan 4.837 Botol Minuman Keras"
60,2022-02-28,"Membandingkan Klaim Muhaimin dengan Hasil Survei, Benarkah Banyak yang Ingin Pemilu Ditunda?"
61,2022-02-28,"Tuduhan Istana Gerakkan Elite untuk Tunda Pemilu, Stafsus Mensesneg: Jangan Seret-seret!"
62,2022-02-28,"Panglima Andika Mutasi 100 Pati TNI, 27 di antaranya Segera Purna Tugas"
63,2022-02-28,Presidensi G20 Indonesia dan Indeks Persepsi Korupsi dalam 7 Klaster
64,2022-02-28,"Dilaporkan Balik Oleh GP Ansor, Roy Suryo: Harusnya Menag Sendiri yang Laporkan Saya"
65,2022-02-28,"Antisipasi Aksi Mogok Pedagang Daging Sapi, Kapolres Metro Bekasi Tinjau Pasar"
66,2022-02-28,"Wakil Ketua MPR: Penundaan Pemilu Tidak Cukup Melalui Survei, Apalagi Kalau Tidak Kredibel"
67,2022-02-28,"Ramai Isu Penundaan Pemilu 2024, Mungkinkah Menurut UU?"
68,2022-02-28,"Isoter di Makara UI Batal, Pemkot Depok Siapkan RSUD Wilayah Timur untuk Isolasi"
69,2022-02-28,Kiprah Arifin Panigoro dari Raja Migas hingga ke Panggung Politik
70,2022-02-28,"Menkes Sebut Covid-19 Nasional Turun 2 Pekan Mendatang, Bagaimana Tren Terkini?"
71,2022-02-28,"Polemik Soal Anggaran di Kota Tangerang Jadi Sorotan, Pungli Bansos hingga Anggaran Fantastis Baju Dinas Dewan"
72,2022-02-28,"Ketika Pemerintah Lempar Sinyal Pandemi Mereda dan Lebaran Bisa ""Berbeda"" Tahun Ini..."
73,2022-02-28,Pengusaha Arifin Panigoro Meninggal Dunia
74,2022-02-28,"UPDATE 27 Februari: Dalam Sehari, Kasus Covid-19 Di Kota Depok Bertambah 638"
75,2022-02-28,[POPULER JABODETABEK] Jarak Vaksinasi Booster Covid-19 dari Dosis Kedua | Fakta Tersangka Narkoba Kabur Ugal-ugalan
76,2022-02-28,"UPDATE 27 Februari: Kasus Covid-19 di Tangsel Bertambah 585, Pasien Sembuh Bertambah 3.660"
77,2022-02-28,KSAD Pantau Langsung Prajuritnya Bantu Korban Gempa Pasaman Barat
78,2022-02-28,"Penataan Ulang Pasar Lama, Berawal dari Mencuatnya Pungli hingga Penolakan Warga"
79,2022-02-28,"Paman Meninggal Dunia, Jokowi Terbang ke Solo "
80,2022-02-28,"Luhut: Mulai 1 Maret, dari Luar Negeri Masuk Indonesia Wajib Karantina 3 Hari"
81,2022-02-28,"UPDATE 27 Februari: Tambah 566 Kasus di Kota Tangerang, 8.510 Pasien Covid-19 Masih Dirawat"
82,2022-02-28,"Polemik Awal Tahun Kota Tangerang, Banjir 4 Meter di Periuk dan One Way Jalan Daan Mogot"
83,2022-02-28,Ketika Kampus Disusupi Kepentingan Politik dan Kekuasaan
84,2022-02-28,"Vaksinasi Booster di Depok: Diberikan 3 Bulan Setelah Dosis 2, Warga Tak Punya Tiket Bisa Daftar di Faskes"
85,2022-02-28,Sistem Perubahan Konstitusi Negara
86,2022-02-28,Partisipasi Politik di Negara Otoriter
87,2022-02-28,"Kolam Akuatik GBK: Harga Tiket, Jam Operasional, dan Fasilitasnya"
88,2022-02-28,"Hutan Kota GBK: Fasilitas, Parkir, Jam Operasional, dan Akses Masuknya"
89,2022-02-28,Partisipasi Politik di Negara Demokrasi
90,2022-02-28,Syarat Masuk ke TMII 2022
91,2022-02-28,Syarat Masuk ke Ragunan 2022
92,2022-02-28,Cara Cek NJOP Kota Bekasi
93,2022-02-28,Cara Cek NJOP Kota Bogor 
94,2022-02-28,Cara Cek NJOP Kota Tangerang
95,2022-02-28,Cara Cek NJOP Kabupaten Bogor
96,2022-02-28,Cara Cek NJOP Kabupaten Bekasi
97,2022-02-28,Welfare State: Model dan Penerapannya di Indonesia
98,2022-02-28,Dampak Positif Globalisasi
99,2022-02-28,Contoh Negara Kesatuan dan Negara Serikat
100,2022-02-28,Daftar Cabang TNI Angkatan Laut
101,2022-02-28,Perbedaan Negara Kesatuan dan Negara Federal
102,2022-02-28,Dampak Negatif Globalisasi
103,2022-02-28,Beda Kostrad dan Kopassus
104,2022-02-28,Upaya Hukum Biasa dalam Kasus Pidana
105,2022-02-28,Upaya Hukum Luar Biasa dalam Kasus Pidana
106,2022-02-28,Apa itu Praperadilan?
107,2022-02-28,Partisipasi Politik Menurut Para Ahli
108,2022-02-28,"Multikulturalisme: Definisi, Jenis, dan Penerapannya"
109,2022-03-01,Polisi Masih Cari Pemuka Agama Tersangka Kasus Pelecehan Seksual di Tangerang
110,2022-03-01,"UPDATE 1 Maret: Bertambah 3.634, Kasus Covid-19 di Jakarta Kini 1.178.473"
111,2022-03-01,"Progres Proyek MRT Fase 2A Bundaran HI-Harmoni Capai 34,58 Persen"
112,2022-03-01,"Pasca-kasus Ayah Perkosa Anak Kandung, Predikat Kota Layak Anak di Depok Akan Dievaluasi"
113,2022-03-01,Penjelasan Kemenkes Soal 18 Juta Vaksin Covid-19 Kedaluwarsa Akhir Februari
114,2022-03-01,Masih Ada Cerita Anak Putus Sekolah...
115,2022-03-01,Korban Pencurian 38 STNK dan BPKB Sudah Jalani Pemeriksaan di Polsek Ciledug
116,2022-03-01,Polri Sebut Ada Ketidakcermatan dalam Proses Penetapan Nurhayati sebagai Tersangka
117,2022-03-01,LP3ES Sebut Wacana Perpanjangan Kekuasaan Sudah Ada Sejak 2019
118,2022-03-01,Polres Depok Tindak Anggota Ormas yang Gunakan Rotator dan Sirene
119,2022-03-01,"Bareskrim Buka Peluang ""Tracing"" Aset Pacar hingga Keluarga Indra Kenz"
120,2022-03-01,Anies Kirim 80 Personel Satgas untuk Bantu Korban Gempa di Pasaman Barat
121,2022-03-01,Wacana Penundaan Pemilu Dinilai Jadi Luas Karena Disebarkan Pihak yang Punya Konstituen
122,2022-03-01,"Menteri PPPA Temui Anak yang Diperkosa Ayahnya di Depok, Ingin Pastikan Korban Dapat Keadilan"
123,2022-03-01,"Macet Parah di Puncak Bogor, Satgas Covid-19: Pemerintah Tak Larang Berkegiatan, tapi..."
124,2022-03-01,Polri dan Kejagung Resmi Hentikan Kasus Nurhayati Malam Ini
125,2022-03-01,KPU Diharapkan Pakai Sirekap untuk Rekapitulasi Pemilu
126,2022-03-01,"Rangkaian Hari Raya Nyepi, Anies Akan Hadiri Upacara Tawur Agung Kesanga di Pura Aditya Jaya"
127,2022-03-01,Parpol Pengusul Wacana Penundaan Pemilu Dinilai Tak Punya Kader Mumpuni Untuk 2024
128,2022-03-01,KPK Harap Hakim Pengadilan Tinggi DKI Jakarta Tolak Banding Angin Prayitno Aji
129,2022-03-01,Omzet Pemilik Pangkalan Gas di Ciracas Turun akibat Kenaikan Harga Elpiji Nonsubsidi
130,2022-03-01,Jumlah Penumpang MRT Jakarta Ditargetkan Capai 40.000 Orang Per Hari Tahun Ini
131,2022-03-01,Satgas: BOR Rumah Sakit Rujukan Covid-19 Alami Tren Penurunan
132,2022-03-01,Alasan Jokowi Pindahkan Ibu Kota Negara: Pemerataan Ekonomi hingga Populasi
133,2022-03-01,"Cegah Kelangkaan Daging Sapi Imbas Pedagang Mogok, Pemkot Tangerang Akan Gelar Operasi Pasar"
134,2022-03-01,Jumlah Penumpang MRT Jakarta Turun akibat Gelombang Ketiga Pandemi Covid-19
135,2022-03-01,"Mulai Hari Ini, BPJS Kesehatan Jadi Syarat Jual Beli Tanah di Tangsel"
136,2022-03-01,SE Menpan RB: ASN Sektor Kritikal WFO 100 Persen
137,2022-03-01,"2.000-an Warga Kebon Melati Belum Divaksinasi Covid-19, Lurah: Mereka Termakan Hoaks"
138,2022-03-01,Stasiun Cikarang di Bekasi Mulai Layani Kereta Jarak Jauh Sejak 1 Maret 2022
139,2022-03-01,Bareskrim Bakal Periksa 2 Afiliator Binomo Selain Indra Kenz
140,2022-03-01,"Penuhi Panggilan Polda Metro, Politikus Golkar Azis Samual Masih Diperiksa Terkait Pengeroyokan Ketua KNPI"
141,2022-03-01,Pemadaman Lampu Penerangan di Jalan HR Rasuna Said Masih Dipertimbangkan
142,2022-03-01,Dugaan Korupsi Pembangunan Kampus IPDN: Libatkan Eks Pejabat Kemendagri hingga Rugikan Negara Puluhan Miliar
143,2022-03-01,"KPK Jelaskan Cara Kembalikan Uang Negara Rp 40,8 Miliar ke Dirut dan Dirkeu PT Hutama Karya"
144,2022-03-01,"Soal Wacana Penundaan Pemilu 2024, Prabowo Hormati Konstitusi "
145,2022-03-01,KPU: Anggaran Pemilu 2024 di Antaranya untuk Pengadaan Kantor di Daerah dan Tambahan Honor Petugas KPPS
146,2022-03-01,Dinas SDA DKI Sebut Pengerukan Kali Mampang Sudah Terlaksana Sebelum Ada Tuntutan Warga
147,2022-03-01,Polisi Telusuri Pencucian Uang Indra Kenz Lewat Orang-orang Terdekatnya
148,2022-03-01,Lampu Penerangan Jalan dan Kantor di Jakarta Akan Dipadamkan untuk Kurangi Emisi Karbon
149,2022-03-01,Pimpinan Komisi II Minta KPU-Bawaslu Siapkan Aturan Inovatif Pemilu 2024
150,2022-03-01,"Bareskrim Akan Ungkap Dalang di Balik Aplikasi Binomo, Diduga Servernya di Luar Negeri"
151,2022-03-01,"Pengendara Motor Pakai Helm Ojek Online Masuk Tol Kunciran Tangerang, Polisi Selidiki Identitasnya"
152,2022-03-01,"Buruh Gelar Demo di Kantor BPJS Bekasi, Tuntut Permenaker Baru soal JHT Dicabut"
153,2022-03-01,"Ayah Tega Perkosa Anaknya di Depok, Curi Kesempatan Saat Korban Terlelap"
154,2022-03-01,"UPDATE 1 Maret: 438.751 Spesimen Diperiksa dalam Sehari, Positivity Rate PCR 33,91 Persen"
155,2022-03-01,"Gelar Unjuk Rasa, Buruh Heran Menaker Belum Jalankan Instruksi Jokowi soal JHT"
156,2022-03-01,"Tanggapi Wacana Penundaan Pemilu 2024, Pimpinan Komisi II: Jangan Cari Alasan yang Dibuat-buat"
157,2022-03-01,"Pengemis yang Bawa Uang Hampir Rp 1 Juta Diamankan, Petugas: Mereka Gendong Bayi agar Orang Iba"
158,2022-03-01,"Soal Wacana Penundaan Pemilu, Peneliti BRIN Nilai Jadi Manuver Parpol Putus Asa dan Amnesia Reformasi"
159,2022-03-01,"2 Pengemis Wanita yang Bawa 3 Anak Diamankan di Cipayung, Petugas Temukan Uang Hampir Rp 1 Juta"
160,2022-03-01,Jumlah Pasien Covid-19 Tanpa Gejala di Graha Wisata Ragunan Menurun
161,2022-03-01,Kemenkes Sebut Seminggu ke Depan Jadi Penentu Gelombang Ketiga Covid-19
162,2022-03-01,Rumah Pemotongan Hewan Bayur Akui Harga Jual Daging Sapi Kian Meningkat
163,2022-03-01,"UPDATE 1 Maret: Sebaran Kasus 24.728 Kasus Covid di Tanah Air, Jawa Barat Tertinggi"
164,2022-03-01,"Selidiki Dugaan Penipuan yang Jerat Jamal Mirdad, Polres Depok Akan Periksa Lurah dan BPN"
165,2022-03-01,"Pilih Tetap di Singapura karena Sekolah Anak, Ainun Najib: Enggak Mau Kalah dengan Putra Presiden"
166,2022-03-01,UPDATE 1 Maret: 539.214 Kasus Aktif Covid-19 di Indonesia
167,2022-03-01,"Soal Wacana Penundaan Pemilu, Pengamat Nilai Ada Pihak yang Ingin 'Lestarikan' Jokowi"
168,2022-03-01,UPDATE 1 Maret: 23.843 Kasus Suspek Covid-19 di Indonesia
169,2022-03-01,Update 1 Maret: 10.214.605 Juta Orang Sudah Divaksin Dosis Ketiga
170,2022-03-01,"Pengemis di Jakarta Ini Raup Rp 1 Juta per Hari, Terungkap Saat Diamankan Petugas"
171,2022-03-01,Bareskrim Akan Jadwalkan Pemeriksaan Keluarga Indra Kenz Terkait Kasus Binomo
172,2022-03-01,"Begal yang Serang Petugas PPSU Sudah Beraksi Lebih dari Sekali, Hasilnya untuk Beli Sabu"
173,2022-03-01,"Polri Sebut Penetapan Status Tersangka Nurhayati Sudah Sesuai Prosedur, tetapi..."
174,2022-03-01,Bamus Kota Bekasi Sepakat Copot Ketua DPRD Chairoman
175,2022-03-01,"Bocah 7 Tahun Jadi Korban Tabrak Lari di Cakung, Terima 16 Jahitan di Kepala"
176,2022-03-01,UPDATE 1 Maret: Kasus Baru Covid-19 di Indonesia Capai 24.728
177,2022-03-01,"UPDATE 1 Maret 2022: Bertambah 39.887 Kasus Sembuh Covid-19, Totalnya Mencapai 4.901.302"
178,2022-03-01,"UPDATE 1 Maret: Tambah 325, Kasus Kematian di Indonesia Jadi 148.660"
179,2022-03-01,"Kronologi Pembegalan Petugas PPSU di Kelapa Gading, Tiga Pelaku di Bawah Umur"
180,2022-03-01,4 Persen dari 2.443 Nakes di Wisma Atlet Kemayoran Terpapar Covid-19
181,2022-03-01,"Jokowi Minta TNI-Polri Tak Undang Penceramah Radikal, KSAL: Itu Teguran, Kami Introspeksi"
182,2022-03-01,"Soal Usul Penundaan Pemilu, Waketum Gerindra: Kita Amati Saja"
183,2022-03-01,"Kemenkes: 5.013 Pasien Meninggal akibat Covid-19, 45 Persen di Antaranya Komorbid"
184,2022-03-01,Bareskrim Duga Indra Kenz Tutupi Identitas Pengelola Platform Aplikasi Binomo
185,2022-03-01,"4 Tahun Mandek, Normalisasi Ciliwung Kini Dilanjutkan Hanya di Daerah Terdampak Banjir"
186,2022-03-01,"Hitungan KPU, Anggaran Pemilu Dapat Ditekan hingga Rp 62 Triliun"
187,2022-03-01,"Dinilai Tak Efektif Cegah Banjir Jakarta, Sumur Resapan ala Anies Malah Akan Digunakan di IKN"
188,2022-03-01,"Hendak Laporan Kehilangan 38 STNK dan BPKB, Korban Mengaku Dioper Sana-sini oleh Polisi"
189,2022-03-01,"Kurangi Emisi Karbon, Lampu Penerangan di 3 Ruas Jalan Jaksel Akan Dipadamkan 1 Jam pada Akhir Maret"
190,2022-03-01,"Bicara soal Kesetiaan Tentara, Jokowi Ingatkan Anggota TNI Hati-hati Berdebat soal IKN"
191,2022-03-01,Kemenkes: Ada 252 Kasus Covid-19 dari Subvarian BA.2 Omicron di Indonesia
192,2022-03-01,"Bareskrim Blokir 4 Rekening Indra Kenz, Ditaksir Angkanya Puluhan Miliar"
193,2022-03-01,"Dukung Capaian MEF TNI, Ketua DPR: Pilih Alutsista yang Mutakhir"
194,2022-03-01,"Wanita Curi Tas Isi Uang Rp 12 Juta di Toko Kue, Polsek Ciracas Tunggu Laporan Korban"
195,2022-03-01,"Mereka yang Coba ""Rayu"" Jokowi untuk Jadi Presiden Lebih Lama..."
196,2022-03-01,"Jaga Kondusifitas, Ketua DPR Minta TNI-Polri Kawal Pemulihan Ekonomi dan Sosial akibat Pandemi Covid-19"
197,2022-03-01,Pria Tanpa Identitas Tewas Tertabrak Kereta di Cakung
198,2022-03-01,"Modus Wanita Curi Tas Isi Uang Rp 12 Juta di Toko Kue di Ciracas, Pura-pura Jadi Pembeli"
199,2022-03-01,"Kemenkes: Kasus Covid-19 Turun 10 Hari Terakhir, tapi Angka Kematian Masih Tinggi"
200,2022-03-01,"Dialog Blue Halo-S di Bali, Menteri Trenggono Paparkan Manfaat Penangkapan Terukur"
201,2022-03-01,Jokowi: Lebih dari 400 Tahun RI Tak Berani Stop Ekspor Bahan Mentah
202,2022-03-01,KPU Berencana Batasi 300 Pemilih di Tiap TPS untuk Pemilu 2024
203,2022-03-01,"Proses Pengerukan Kali Mampang Baru 20 Persen, SDA: Rumah di Bantaran Hambat Pengerjaan"
204,2022-03-01,Kelurahan Kebon Melati Bagikan Minyak Goreng untuk Tarik Minat Warga Divaksinasi Dosis Pertama
205,2022-03-01,Polisi: Tiga Pelaku Pembegalan Petugas PPSU Kelapa Gading Timur Masih di Bawah Umur
206,2022-03-01,"Desak Penyidik yang Jadikan Nurhayati Tersangka Diperiksa, ICW: Berpotensi Langgar Kode Etik"
207,2022-03-01,Pemprov DKI Pastikan Normalisasi Sungai Ciliwung Tetap Berjalan
208,2022-03-01,Cak Imin Anggap Indonesia Perlu Investasi Besar-besaran untuk SDM
209,2022-03-01,Pemerkosa Anak Kandung di Depok Disebut Sudah 20 Kali Lakukan Perbuatannya
210,2022-03-01,Belum Semua Agen Gas LPG Nonsubsidi Naikkan Harga Jual
211,2022-03-01,"Agar Tak Jadi Alasan Penundaan, Pimpinan Komisi II Usul Anggaran Pemilu 2024 Disesuaikan Kembali"
212,2022-03-01,KPU: Tidak Ada Perkara Salah Hitung Suara dalam Permohonan Sengketa Pilkada 2020 di MK
213,2022-03-01,"Tahun 2030, Anies Targetkan Emisi Karbon di Jakarta Berkurang 50 Persen"
214,2022-03-01,Jokowi Singgung Naiknya Harga Minyak Mentah akibat Perang Rusia-Ukraina
215,2022-03-01,"Puan Usulkan Lokasi Istana Negara di IKN Diapit Mabes TNI dan Polri, Ini Alasannya"
216,2022-03-01,"Rumah Produksi Miras Oplosan di Jatiasih Digerebek, Berawal Warga Cium Bau Tak Sedap dari Got"
217,2022-03-01,Awal Mula Perselisihan antara Tiga Pemuda Mabuk dengan Warga di Kebayoran Baru
218,2022-03-01,"Eks Sekretarisnya Meninggal karena Kecelakaan di Kemayoran, Wakil Wali Kota Jakpus Minta Polisi Periksa Rekaman CCTV"
219,2022-03-01,Polri Evaluasi Kemacetan Total di Puncak Bogor Akhir Pekan Lalu
220,2022-03-01,"Fraksi PPP: Kalau Amendemen Hanya untuk Muluskan Penundaan Pemilu, Terkesan Dipaksakan"
221,2022-03-01,Penjelasan BPBD soal Tak Ada Titik Banjir meski Jakarta Diguyur Hujan Cukup Lama Hari Ini
222,2022-03-01,"Mobil Dibobol Maling di Ciledug, 38 STNK dan BPKB Raib Dibawa Kabur"
223,2022-03-01,"Rumah Produksi Miras di Bekasi Digerebek Warga, Pelaku Berdalih Usaha Cat"
224,2022-03-01,ICW Sebut Kasus Nurhayati Jadi Tersangka Bisa Surutkan Peran Publik Berantas Korupsi
225,2022-03-01,"Kader Golkar Azis Samual Dipanggil Polisi atas Pengeroyokan Dirinya, Haris Pertama: Saya Tidak Kenal"
226,2022-03-01,Menlu Retno Harap Ada Penurunan Ketegangan Konflik Rusia dan Ukraina  
227,2022-03-01,"Positif Covid-19, Panglima TNI Andika Perkasa Isolasi Mandiri dan Tanpa Gejala"
228,2022-03-01,"Dideklarasikan Jadi Capres 2024 di Makassar, Cak Imin: Saya Terharu"
229,2022-03-01,Menpan RB: Skenario Pemindahan ASN ke IKN Nusantara Terus Dimatangkan
230,2022-03-01,Ayah yang Perkosa Anak Kandung di Depok Terancam Hukuman 20 Tahun Penjara
231,2022-03-01,Eks Sekretaris Wakil Wali Kota Jakpus Meninggal Dunia karena Kecelakaan Motor di Kemayoran
232,2022-03-01,"Pesepeda di Bekasi Jadi Korban Jambret, Uang hingga Kartu Identitas Raib "
233,2022-03-01,"Perang Rusia-Ukraina Jadi Perhatian Kapolri, Listyo Sigit: Tak Bisa Kita Remehkan"
234,2022-03-01,Anies Targetkan Separuh Armada Transjakarta Diganti Jadi Bus Listrik pada 2025
235,2022-03-01,"Kepada Jokowi, Ainun Nadjib Ungkap Kunci agar Talenta Digital Mau Pulang ke Indonesia"
236,2022-03-01,Mengapa Jakarta Tidak Tambah Kapasitas Drainase agar Tidak Banjir? Ini Penjelasan Dinas SDA
237,2022-03-01,"Dapat Penghargaan Presiden Filipina Duterte, Yasonna: Ini Surprise..."
238,2022-03-01,"Menpan RB: ASN Tak Bisa Beralasan Tak Mau Pindah ke IKN, Hukumnya Wajib"
239,2022-03-01,"Lonjakan Harga Gas Nonsubsidi Buat Warga Tercekik, ""Lumayan Banget Naiknya"""
240,2022-03-01,Ini Alasan Dinas Pendidikan Izinkan Kelas 6 SD dan 9 SMP Jalani PTM Terbatas di Tangsel
241,2022-03-01,"Wacana Penundaan Pemilu, PPP Soroti Anggaran Besar KPU Rp 84 Triliun"
242,2022-03-01,Jokowi: Banyak Anak Kita Perlu Diundang Kembali ke Tanah Air untuk Bangun Sistem Digital
243,2022-03-01,Pedagang di Tangerang Mogok Jualan karena Harga Daging Sapi Terus Naik
244,2022-03-01,Wapres Minta Majelis Rakyat Papua Barat Sosialisasikan Kebijakan Pemerintah Termasuk ke Anti-NKRI
245,2022-03-01,Dinas SDA Sebut Gerebek Lumpur Punya Pengaruh Besar Kurangi Banjir di Jakarta
246,2022-03-01,Polisi Tangkap 3 Pemuda Mabuk yang Keroyok dan Acungkan Pisau ke Warga di Kebayoran Baru
247,2022-03-01,"Isu Penundaan Pemilu dan Perpanjangan Masa Jabatan Presiden, Siapa Berkepentingan?"
248,2022-03-01,Anies Pasang Target Jakarta Capai Nol Emisi Karbon pada 2050
249,2022-03-01,Cak Imin-Amran Sulaiman Dideklarasikan Jadi Capres-Cawapres 2024 di Makassar
250,2022-03-01,"PTM Terbatas SD dan SMP di Tangsel, Dinas Pendidikan Izinkan Belajar Selama 4 Jam"
251,2022-03-01,"Survei Sebut KPK Jadi Lembaga Penegak Hukum Paling Dipercaya, Ini Kata Jubir"
252,2022-03-01,"Rombongan Pengendara Motor Terobos Tol Kelapa Gading-Pulogebang, Warga: Di Sini Memang Tak Ada Gerbang Tolnya"
253,2022-03-01,"Sempat Kabur, Ayah yang Perkosa Anak Kandung di Depok Ditangkap Polisi"
254,2022-03-01,"Soal Pemilu 2024 Ditunda, Cak Imin: Terserah Saja, Namanya Juga Usul..."
255,2022-03-01,"Pertempuran Masih Terjadi, 13 WNI Belum Bisa Dievakuasi dari Kharkiv dan Chernihiv"
256,2022-03-01,Bareskrim Akan Lacak dan Sita Aset Orang Dekat Tersangka Kasus Aplikasi Binomo
257,2022-03-01,Kapolri Listyo Sigit Disematkan 4 Bintang Kehormatan dari TNI
258,2022-03-01,Angin Prayitno Aji Ajukan Banding atas Vonis 9 Tahun Penjara
259,2022-03-01,92 Pedagang Daging Sapi di 6 Pasar Kota Tangerang Mogok Jualan hingga Jumat
260,2022-03-01,Wapres Harap Nahdlatul Wathan Bangun Masyarakat Moderat 
261,2022-03-01,Cerita Anggota DPR Terjebak Macet di Puncak: Mau Buang Air Saja Repot
262,2022-03-01,"Cempaka Putih Berstatus Zona Merah, Laju Penularan Covid-19 Terus Merangkak Naik"
263,2022-03-01,"Pakar Harap Calon Kepala Otorita IKN dari Profesional, Ini Kriterianya..."
264,2022-03-01,"Jokowi: Ide Pemindahan Ibu Kota Sudah Ada sejak Era Soekarno, tapi Gagal karena Pergolakan"
265,2022-03-01,Warga Gerebek Rumah yang Produksi Minuman Keras Oplosan di Jatiasih
266,2022-03-01,"Dialog dengan Ainun Najib dan Talenta Digital Lain, Jokowi: Pulang Semualah..."
267,2022-03-01,Menlu: 99 WNI Sudah Berhasil Dievakuasi Keluar dari Ukraina
268,2022-03-01,"Soal Penundaan Pemilu, Cak Imin: Saya Hanya Usul, yang Tentukan Para Ketum Parpol dan Presiden"
269,2022-03-01,Wanita Ini Curi Tas Berisi Uang Rp 12 Juta di Toko Kue di Ciracas Saat Penjaga Tertidur
270,2022-03-01,Tingkat Keterisian Wisma Atlet Turun Seminggu Terakhir
271,2022-03-01,"Politikus Golkar Azis Samual Jadi Saksi Kasus Pengeroyokan, Ketua KNPI Mengaku Tidak Kenal dan Bingung"
272,2022-03-01,"Kasus Hakim Itong, KPK Panggil 2 Hakim PN Surabaya dan 1 PN Makassar"
273,2022-03-01,"Jokowi: TNI-Polri Harus Memiliki Digital Talent, Eranya Sudah Seperti Itu"
274,2022-03-01,"Kasus Pembangunan Kampus IPDN, KPK Panggil Dirut dan Dirkeu PT Hutama Karya sebagai Saksi"
275,2022-03-01,"Di Rapim TNI-Polri, Jokowi Singgung Soal Kondisi Global yang Tak Menentu"
276,2022-03-01,"Agar Masyarakat Waspada, Gempa Magnitudo 6,1 di Pasaman Diteliti Kementerian KP"
277,2022-03-01,Kabareskrim Sebut Nurhayati Tak Memiliki Niat Jahat Saat Laporkan Korupsi
278,2022-03-01,"Berkaca Kasus Nurhayati, Polri Diminta Tak Main-main Tegakkan Hukum"
279,2022-03-02,UPDATE: Dinas Kesehatan Catat Penambahan 4.196 Kasus Covid-19 di Jakarta
280,2022-03-02,"Usai Operasi Tumor Tulang, Sinta Diharuskan Ikuti Kemoterapi"
281,2022-03-02,Komnas HAM Minta Pemprov Sumut Lakukan Pemulihan Psikis Korban Penyiksaan di Penjara Manusia Langkat
282,2022-03-02,"Hadiri Upacara Tawur Agung Kesanga, Anies Sampaikan Harapan kepada Umat Hindu"
283,2022-03-02,Puan Minta Pemerintah Gerak Cepat soal Kenaikan Harga Kebutuhan Pokok
284,2022-03-02,"Ciptakan Toleransi, Warga Batasi Akses ke Kampung Bali Bekasi Selama Nyepi"
285,2022-03-02,Komnas HAM Desak BNN dan BNNK Langkat Pastikan Tak Ada Lagi Tempat Rehabilitasi Narkoba Ilegal
286,2022-03-02,Kantin Dilarang Buka Selama PTM Terbatas Siswa Kelas 6 SD di Kota Tangerang
287,2022-03-02,Puan Minta Pemerintah Selesaikan Masalah Harga Kedelai Sebelum Ramadan
288,2022-03-02,"""Harapan Saya Bisa Bekerja Lagi, Memenuhi Kebutuhan Keluarga..."""
289,2022-03-02,Komnas HAM Minta Polda Sumut Periksa Anggota yang Terlibat dalam Penjara Manusia di Rumah Bupati Langkat
290,2022-03-02,"Temuan Komnas HAM: Remaja Dikerangkeng karena ""Geber"" Motor Saat Berpapasan dengan Bupati Langkat Terbit Rencana"
291,2022-03-02,Komnas HAM Sebut Pendirian Kerangkeng Manusia Bupati Langkat Didukung Ormas dan Organisasi Politik
292,2022-03-02,"Pemindahan Ibu Kota Negara: Gagasan Soekarno, Mimpi Soeharto, dan Upaya Jokowi"
293,2022-03-02,"Perampokan di Ruko Elektronik di Depok, Korban Diikat dan Disekap Hampir 2 Jam"
294,2022-03-02,"Soal Wacana Penundaan Pemilu, Azyumardi: Saya Melihat Gejalanya, Perkataan Jokowi Selalu Berlawanan dengan Tindakan"
295,2022-03-02,"Bentrokan Suporter Persija dan Pendukung Persib di Bogor, 1 Orang Terluka"
296,2022-03-02,"Tiga Panitia ""Nobar"" Sepak Bola di Depok Dikenai Sanksi Wajib Lapor"
297,2022-03-02,Ketua KNPI Minta Polisi Ungkap Motif Azis Samual Perintahkan Orang Keroyok Dirinya
298,2022-03-02,Temuan Komnas HAM: Kerangkeng Manusia di Rumah Bupati Langkat Sudah Lama Tanpa Pengawasan
299,2022-03-02,Penghuni Kerangkeng Manusia di Langkat Diduga Mengalami Kekerasan Sejak Proses Penjemputan Berlangsung
300,2022-03-02,Cerita Orangtua Saat Dampingi Anak Belajar Daring Selama Pandemi Covid-19
301,2022-03-02,Komnas HAM Duga Ada 19 Pelaku Tindakan Kekerasan di Kerangkeng Manusia Langkat
302,2022-03-02,Alasan Pemerintah Tak Mau Buru-buru Ubah Status Pandemi ke Endemi
303,2022-03-02,"Server Lemot, Penumpang Sempat Mengantre di Konter Imigrasi Bandara Soekarno-Hatta"
304,2022-03-02,Kemenkes Minta Warga Isolasi Mandiri jika Bergejala Covid-19 Usai Libur Panjang
305,2022-03-02,"Jadi Tersangka Pengeroyokan Ketua KNPI, Politikus Golkar Azis Samual Resmi Ditahan Polda Metro Jaya"
306,2022-03-02,"Buruh Pabrik di Pasar Rebo Dilaporkan Hilang, Diduga Tercebur ke Kali Baru"
307,2022-03-02,"Digugat Eks Pegawai ke PTUN, KPK Siapkan Bahan Hadapi Persidangan"
308,2022-03-02,"Tanggapi Rocky Gerung, Ngabalin Sebut Wajar jika Jokowi Geram Soal WA Kalangan TNI"
309,2022-03-02,Polisi Sita 10 Dus Ciu hingga Mesin Pompa dari Produsen Miras Ilegal di Jatiasih
310,2022-03-02,"Pemerintah Siapkan ""Roadmap"" Transisi dari Pandemi ke Endemi"
311,2022-03-02,"Perjalanan Kasus Korupsi Angelina Sondakh, Dipenjara 10 Tahun dan Segera Bebas"
312,2022-03-02,"Polisi Cari Pelaku Penjambretan terhadap Pesepeda di ""Fly Over"" Senayan"
313,2022-03-02,"PTM bagi Siswa Kelas 6 SD di Kota Tangerang, Kapasitas Dibatasi 50 Persen"
314,2022-03-02,Anies Ingin Harga Pangan di Jakarta Stabil Sepanjang Tahun
315,2022-03-02,"Gelar Ibadah Tawur Kesanga, Umat Hindu di Bekasi Berdoa agar Pandemi Covid-19 Segera Berakhir"
316,2022-03-02,"Kisah Eks Petugas PPSU, Jalan Kaki 16 Km demi Mengadu ke Anies karena Diberhentikan Sepihak..."
317,2022-03-02,"Perwira Polisi Diduga Perkosa Siswi 13 Tahun, Anggota DPR Minta Polri Tindak Tegas"
318,2022-03-02,"Komnas HAM Sebut Penghuni Kerangkeng di Rumah Bupati Langkat Disiksa: Mulai dari Dipukul, Dicambuk, hingga Bergelantung Seperti Monyet"
319,2022-03-02,Sudinsos Bina 157 PPKS yang Terjaring di Jalan Protokol di Jaksel
320,2022-03-02,"UPDATE 2 Maret: Cakupan Vaksinasi Covid-19 Dosis Kedua 69,39 Persen, Dosis Ketiga 4,91 Persen"
321,2022-03-02,"Air dan Listrik Diputus Sepihak, Penghuni Apartemen Mediterania Residence Lapor ke DPRD"
322,2022-03-02,Pakar Sebut Warga dengan Komorbid Mudah Alami Reinfeksi Covid-19
323,2022-03-02,"KPK Tahan Ivana Kwelju, Tersangka Penyuap Eks Bupati Buru Selatan"
324,2022-03-02,Angelina Sondakh Bebas dari Lapas Besok dengan Status CMB
325,2022-03-02,Komnas HAM: Korban Meninggal di Kerangkeng Manusia di Langkat Jadi 6
326,2022-03-02,"Lahan Kosong di RPTRA Sunter Muara Dimanfaatkan untuk ""Urban Farming"" dan Budidaya Ikan"
327,2022-03-02,UPDATE 2 Maret: 32.219 Kasus Suspek Covid-19 di Indonesia
328,2022-03-02,Komnas HAM Sebut Ada Anggota TNI/Polri yang Terlibat di Kerangkeng Manusia di Langkat
329,2022-03-02,"UPDATE 2 Maret: Sebaran 40.920 Kasus Baru Covid-19 di Indonesia, Tertinggi di Jawa Barat"
330,2022-03-02,Wagub DKI Harap Libur Panjang Isra Miraj Tak Picu Kenaikan Kasus Covid-19
331,2022-03-02,Satpol PP Sita 6.420 Botol Minuman Beralkohol dari Toko Jamu di Tangsel
332,2022-03-02,"UPDATE 2 Maret: 601.452 Spesimen Diperiksa dalam Sehari, Positivity Rate dengan PCR 38,69 Persen"
333,2022-03-02,9 Rumah di Bantaran Kali Grogol yang Dibongkar Sudah Berdiri 15 Tahun 
334,2022-03-02,UPDATE 2 Maret: 536.823 Kasus Aktif Covid-19 di Indonesia 
335,2022-03-02,"Gerombolan Pemotor yang Masuk Tol Layang Kelapa Gading-Pulogebang Teridentifikasi, Polisi Akan Segera Tindak"
336,2022-03-02,"Bentrokan Suporter Persija dan Pendukung Persib di Bogor, 1 Orang Jadi Tersangka"
337,2022-03-02,"Kilas Balik Angelina Sondakh, Putri Kecantikan yang Masuk Bui Akibat Korupsi"
338,2022-03-02,"Prokes Kendur, 1.988 Warga Tak Pakai Masker Ditindak dalam Sepekan Operasi di Jaksel"
339,2022-03-02,UPDATE 2 Maret: Kasus Kematian Akibat Covid-19 Jadi 149.036
340,2022-03-02,"Kasus Aktif Covid-19 di Kelurahan Pegadungan Capai 570 Pasien, Tertinggi di Jakarta Barat"
341,2022-03-02,"Soal Wacana Penundaan Pemilu, Azyumardi Azra Minta Elite Patuh Konstitusi dan Peka Situasi"
342,2022-03-02,Usul Penundaan Pemilu 2024 Dinilai Bentuk Permufakatan Jahat
343,2022-03-02,UPDATE 2 Maret: Pasien Covid-19 yang Sembuh Bertambah 42.935
344,2022-03-02,KSAL Pastikan Sanksi Barat Tak Pengaruhi Operasional Alutsista TNI AL Buatan Rusia
345,2022-03-02,Murid Kelas 1 hingga 5 SD di Kota Tangerang Juga Akan Ikut Belajar Tatap Muka Apabila...
346,2022-03-02,UPDATE: Total Kasus Covid-19 di Indonesia Capai 5.630.096
347,2022-03-02,Komnas HAM Pertanyakan Keberadaan Kerangkeng Manusia di Langkat yang Sudah Ada Sejak 2010
348,2022-03-02,Dishub DKI Usul Tarif Integrasi Transportasi JakLingko Maksimal Rp 10.000
349,2022-03-02,"Sirkuit Formula E Dibangun di Tanah Berlumpur, Wagub: Tak Ada Masalah Berarti Sejauh Ini"
350,2022-03-02,"Tingkatkan Kesejahteraan Masyarakat, Kementerian KP Gelar Diversifikasi Produk Perikanan"
351,2022-03-02,"Suporter Persija Bentrok dengan Pendukung Persib di Bogor, 26 Orang Ditangkap Polisi"
352,2022-03-02,"Tak Perlu Tunggu Usia 56 Tahun, Ini Syarat Cairkan JHT Menurut Aturan Lama"
353,2022-03-02,Pemkot Bakal Merelokasi 160 PKL di Petak Sembilan ke Pasar Glodok
354,2022-03-02,"PTM di Kota Tangerang Hanya Diikuti Murid Kelas 6 SD, Ini Alasannya"
355,2022-03-02,"Rotasi Jabatan, Jaksa Agung Lantik 18 Kajati"
356,2022-03-02,"Pemilu Ditunda atau Tidak, PKB Klaim Siap Hadapi Kapan Saja"
357,2022-03-02,Mengenal Seragam TNI AD dari Masa ke Masa
358,2022-03-02,"Ada Usul Penundaan Pemilu, Faisal Basri Sebut Negara dan Korporasi Bersatu untuk Kepentingan Sesaat"
359,2022-03-02,Spesifikasi Kapal Selam Scorpene Incaran Prabowo yang Diinginkan TNI AL
360,2022-03-02,"Kronologi Pencabulan Bocah 7 Tahun di Tangsel, Sempat Dicekoki Minuman Keras hingga Tak Sadarkan Diri"
361,2022-03-02,"Satpol PP Bubarkan Kerumunan Suporter Nobar Sepak Bola di Depok, Panitia Diperiksa Polisi"
362,2022-03-02,"Diperkirakan Akan Diumumkan 18 Maret, Siapa Kepala Badan Otorita yang Akan Dipilih Jokowi ?"
363,2022-03-02,Menteri PPPA Desak Pelaku Kasus Ayah Perkosa Anak di Depok Dikenakan Pasal Berlapis
364,2022-03-02,"Jokowi Geram dengan Pembicaraan di Grup WA TNI-Polri, PKS Minta Presiden Juga Serius Tangan Persoalan Lain"
365,2022-03-02,Hasil Riset Nafas: Kualitas Udara Pagi di Jabodetabek Tidak Baik untuk Berolahraga
366,2022-03-02,"Perampok Sekap Keluarga Pemilik Ruko Elektronik di Depok, Uang Tunai Ratusan Juta Rupiah Dibawa Kabur"
367,2022-03-02,"Soal Pekerja Migran Ilegal, KSAL: Tangkap Sebelum Mereka Berangkat"
368,2022-03-02,"Sempat Ditolak, Laporan Korban Pencurian 38 STNK Akhirnya Diterima Polisi"
369,2022-03-02,Jokowi Diminta Bersikap Tegas jika Tidak Ingin Ada Penundaan Pemilu
370,2022-03-02,"Pemkot Jaksel Bakal Bikin Taman, 9 Bangunan di Bantaran Kali Grogol Dibongkar"
371,2022-03-02,"Langgar Jam Operasional, 5 Tempat Usaha di Pegangsaan Dua Dapat Teguran "
372,2022-03-02,Produsen Miras Ilegal di Jatiasih Mengaku Dapat Omzet hingga Rp 100 Juta Per Bulan
373,2022-03-02,"Setelah Indra Kenz, Giliran Doni Salmanan Dilaporkan ke Bareskrim Polri"
374,2022-03-02,"Aturan Baru, Penumpang Wajib Isi e-HAC Sebelum Terbang"
375,2022-03-02,Ancaman Kekuasaan Tirani dan Korupsi di Balik Langgengnya Masa Jabatan Presiden...
376,2022-03-02,"Dideklarasikan Maju Pilpres Bersama Amran Sulaiman, Cak Imin: Dia Orang Terkuat di Indonesia Timur"
377,2022-03-02,"Harga Bahan Pangan di Jakarta Naik, Ini Penyebabnya Kata Anies"
378,2022-03-02,"Anies Keberatan soal Mutasi ASN ke Pemprov DKI, ""Nanti Menjadi Beban Jakarta"""
379,2022-03-02,KPK Limpahkan Berkas Perkara Penyuap Eks Wali Kota Banjar ke PN Tipikor Bandung
380,2022-03-02,"KPK Dalami ""Upeti"" dari Kontraktor Proyek untuk Bupati PPU Abdul Gafur"
381,2022-03-02,"Prabowo Bakal Beli 2 Kapal Selam Scorpene, KSAL: Kita Sudah Cek, Kita Setuju"
382,2022-03-02,"2 Tahun Pandemi, Akankah Indonesia Bisa Hidup Berdampingan dengan Covid-19?"
383,2022-03-02,"Sebelum Diperkosa Tetangga, Bocah di Jombang Tangsel Dicekoki Minuman Campur Obat"
384,2022-03-02,Kisah Kolonel Prabowo Rancang Motor Ambulans untuk Layani Kesehatan Warga Pelosok Maluku 
385,2022-03-02,"Polda Metro Jaya Tahan Artis Peran Aliff Alli, Tersangka Kasus Pemalsuan Dokumen"
386,2022-03-02,Faisal Basri Sebut Soal Anggaran Tak Bisa Jadi Alasan Tunda Pemilu
387,2022-03-02,Sembilan Bangunan Semipermanen di Bantaran Kali Grogol Dibongkar
388,2022-03-02,"Rocky Gerung: Jangan seperti Pak Jokowi, Ngintip WAG Ibu-ibu TNI, Enggak Sopan!"
389,2022-03-02,"Eks Sekretaris Wakil Wali Kota Jakpus Tewas dalam Sebuah Kecelakaan, Polisi Lakukan Penyelidikan"
390,2022-03-02,Gus Muhaimin: Masa Depan Indonesia Sebetulnya Ada di Bagian Timur
391,2022-03-02,Wapres Harap UIII Jadi Pusat Rujukan Pelaksanaan Islam Moderat
392,2022-03-02,Hasil Riset: Area yang Ditumbuhi Banyak Pohon di Jabodetabek Tak Bebas Polusi Udara
393,2022-03-02,"AKBP M Diduga Perkosa Siswi SMP di Sulsel, Polri: Akan Diproses Secara Profesional"
394,2022-03-02,Keluarga dan Korban Pemerkosaan oleh Ayah Kandung di Depok Sudah Berada di Rumah Aman
395,2022-03-02,"Azis Samual Jadi Otak Pengeroyokan Ketua KNPI, Motifnya Masih Misteri"
396,2022-03-02,"Besok, Angelina Sondakh Keluar dari Lapas untuk Jalani Program Cuti Jelang Bebas"
397,2022-03-02,Pakar Sebut Subvarian Omicron BA.2 Lebih Menular
398,2022-03-02,Polisi Berinisial Bripka H Ditetapkan Jadi Tersangka Penembakan di Parigi
399,2022-03-02,Puan Dukung Upaya TNI-Polri Kawal Pemerintah Jalankan Program PEN 
400,2022-03-02,Hikmah Kasus Nurhayati dan Pentingnya Pengawasan Penyidikan
401,2022-03-02,Kapolri Ingatkan Jajarannya Harus Dukung Kebijakan dan Program Nasional
402,2022-03-02,"Setya Novanto dan Nurhadi Terlibat Perselisihan, Ditjen Pas: Kejadian Lama, Sudah Selesai"
403,2022-03-02,"2 Tahun Pandemi Covid-19, Pengelola RSD Covid-19 Klaim Wisma Atlet Telah Lewati Puncak Gelombang Omicron"
404,2022-03-02,"Anies Pamer Kemacetan Jakarta Turun Drastis, Jauh Berkurang Dibanding 2017"
405,2022-03-02,"Berkunjung ke Jatim, Puan Nostalgia Kenangan Soekarno dan KH Hasyim Asyari"
406,2022-03-02,"Jokowi, Firli dkk, serta Kepala BKN Digugat Eks Pegawai KPK ke PTUN"
407,2022-03-02,Cak Imin Bantah Diarahkan Istana untuk Usulkan Penundaan Pemilu
408,2022-03-02,"Tetap Hadiri Deklarasi Capres meski Wacanakan Pemilu Ditunda, Cak Imin: Namanya Juga Usulan"
409,2022-03-02,Harapan Anies untuk Umat Hindu dalam Perayaan Nyepi Tahun Ini
410,2022-03-02,"Dalam Sidang Munarman, Rocky Gerung Sentil Jokowi yang Intip Grup WA TNI soal Tolak IKN"
411,2022-03-02,"Bocah 7 Tahun Diperkosa Tetangga di Jombang Tangsel, Pelaku Ditangkap Polisi"
412,2022-03-02,Panja Upayakan RUU TPKS Akomodasi Bantuan Dana bagi Korban Kekerasan Seksual
413,2022-03-02,Anies Dapat Dua Jempol dari Ketua Umat Hindu Jakarta untuk Maju Jadi Calon Presiden 2024
414,2022-03-02,6 Dubes Negara Sahabat Ingin Majukan Kerja Sama dengan Indonesia
415,2022-03-02,Turap Dibangun di Kawasan Rumah Si Pitung untuk Cegah Abrasi
416,2022-03-02,"Jelang Hari Raya Nyepi, Umat Hindu di Bekasi Laksanakan Ibadah Tawur Kesanga"
417,2022-03-02,"Rencana Bahas RUU TPKS di Masa Reses Mandek, Ketua Panja: Belum Ada Kata ""Yes"" dari Pimpinan DPR"
418,2022-03-02,"Mulai 7 Maret, Murid Kelas 6 SD di Kota Tangerang Akan Ikuti Belajar Tatap Muka"
419,2022-03-02,"Minimarket di Jakarta Rutin Dapat Pasokan Minyak Goreng, tapi Langsung Habis Diserbu Warga"
420,2022-03-02,"Menaker: Aturan Lama Masih Berlaku, Pencairan JHT Tak Perlu Tunggu Pensiun"
421,2022-03-02,Setya Novanto dan Nurhadi Terlibat Perselisihan di Lapas Sukamiskin
422,2022-03-02,UPDATE Dinkes DKI: 1.299.616 Orang Sudah Divaksinasi Covid-19 Dosis Ketiga
423,2022-03-02,"Risaukan Polemik IKN dalam WAG, Jokowi Dinilai Ingin Pastikan Dukungan Penuh TNI-Polri"
424,2022-03-02,"Kasus Hakim Itong, KPK Panggil Wakil Ketua PN Surabaya dan 2 Hakim sebagai Saksi"
425,2022-03-02,Polisi Belum Berhasil Ungkap Motif Pengeroyokan Ketua KNPI yang Diduga Didalangi Azis Samual
426,2022-03-02,"Jokowi Geram Grup WhatsApp TNI Bahas Tolak IKN, KSAD: Jangan Ada yang Aneh-aneh!"
427,2022-03-02,"Kepada Peserta World Ocean Summit Ke-9, Menteri Trenggono Kenalkan Kebijakan Penangkapan Teruku"
428,2022-03-02,"Jadi Tersangka, Azis Samual Bantah Perintahkan Debt Collector Keroyok Haris Pertama"
429,2022-03-02,Wapres Ingin Pengelolaan UIII Sesuai Standar Internasional
430,2022-03-02,"Kasus Bupati Abdul Gafur, KPK Panggil Sekjen KONI Penajam Paser Utara"
431,2022-03-02,"Soal Wacana Penundaan Pemilu, Parpol Diminta Konsisten Jalankan Amanat Konstitusi"
432,2022-03-02,Usulan Penundaan Pemilu 2024 Dinilai untuk Tes Respons Publik dan Elite Parpol
433,2022-03-02,"Kasus Proyek Jalan di Buru Selatan, KPK Periksa Tersangka Ivana Kwelju"
434,2022-03-02,KPK Dalami Proses Tender E-KTP yang Dimenangi Perusahaan Paulus Tannos
435,2022-03-02,"Minim Pengelolaan, Limbah Medis Ancam Keselamatan Warga"
436,2022-03-02,Jokowi Terima Surat Kepercayaan 6 Duta Besar Negara Sahabat
437,2022-03-02,Dudung Perkenalkan Seragam Baru “Loreng TNI AD” Gagasan Panglima Andika Perkasa
438,2022-03-02,KSAD Dudung: Pangdam hingga Danrem Jangan Sampai Undang Penceramah Radikal!
439,2022-03-02,Politikus Golkar Azis Samual Mengelak Beri Perintah Keroyok Ketua KNPI
440,2022-03-02,"Polisi Bubarkan Balap Liar di Tanjung Barat, 2 Penonton Panik hingga Tercebur Got"
441,2022-03-02,Anggota Komisi III DPR Kecam Oknum Polisi Berpangkat AKBP yang Diduga Perkosa Siswi 13 Tahun
442,2022-03-02,"Sidang Kasus Terorisme, Rocky Gerung Dihadirkan sebagai Ahli oleh Munarman"
443,2022-03-02,"Periksa Wakil Ketua DPRD, KPK Dalami Aliran Uang Terkait Sejumlah Proyek di Tulungagung"
444,2022-03-02,Disperindag Tangsel Imbau Pedagang Daging Sapi Kembali Berjualan
445,2022-03-02,Usul Penundaan Pemilu Dinilai Inkonstitusional dan Rampas Hak Rakyat
446,2022-03-02,"Kelebihan Muatan, Mobil Pikap Pengangkut Sampah Terbalik di Cipayung Depok"
447,2022-03-02,"2 Tahun Pandemi, 25 Hektar Lahan di TPU Rorotan Jadi Permakaman Khusus Covid-19"
448,2022-03-02,Polda Metro: Azis Samual Beri Perintah Debt Collector Keroyok Ketua KNPI
449,2022-03-03,UPDATE 3 Maret: Kasus Aktif Covid-19 di Jakarta Kini 35.190
450,2022-03-03,"Imbas Pedagang Daging Mogok Jualan, Penjual Bakso di Tangsel Sulit Cari Bahan Baku"
451,2022-03-03,"Operasi Pasar Minyak Goreng di Polres Jaksel, Warga Bisa Beli Tanpa Syarat KTP"
452,2022-03-03,"Selama Pandemi, Donasi yang Diterima Panti Asuhan di Depok Kian Menurun"
453,2022-03-03,"Soal Keppres 2/2022 Tak Cantumkan Nama Soeharto, Mahfud Bandingkan dengan Teks Proklamasi"
454,2022-03-03,"BOR di RS Rujukan 37 Persen, Wagub DKI: Sudah Menurun"
455,2022-03-03,"UPDATE: Sebaran 37.259 Kasus Baru Covid-19, Tertinggi di Jawa Barat"
456,2022-03-03,Buruh Pabrik yang Tercebur di Kali Baru Jakarta Timur Ditemukan Meninggal
457,2022-03-03,"UPDATE 3 Maret: Capaian Vaksinasi Covid-19 Dosis Kedua 70,20 Persen, Dosis Ketiga 5,44 Persen"
458,2022-03-03,PKS Bantah Pencopotan Ketua DPRD Kota Bekasi Terkait Kasus Korupsi Rahmat Effendi
459,2022-03-03,"UPDATE 3 Maret: Positivity Rate dengan PCR Capai 40,89 Persen"
460,2022-03-03,Sekjen PDI-P Sebut Kepuasan Publik Jangan Jadi Alasan Perpanjang Masa Jabatan Jokowi
461,2022-03-03,UPDATE 3 Maret: Ada 531.696 Kasus Aktif Covid-19 di Indonesia
462,2022-03-03,Bappenas Sebut Aturan Turunan UU IKN Ditargetkan Rampung Akhir Maret 2022
463,2022-03-03,Aturan Karantina 3 Hari Sudah Berlaku bagi PPLN yang Tiba di Bandara Soekarno-Hatta
464,2022-03-03,UPDATE 3 Maret: 23.198 Kasus Suspek Covid-19 di Indonesia 
465,2022-03-03,Pengunjung Taman Margasatwa Ragunan Mencapai 9.763 Orang Saat Libur Nyepi
466,2022-03-03,"Ceritakan Evakuasi WNI dari Kharkiv, Menlu Retno: Perjalanan Sangat Tidak Mudah"
467,2022-03-03,"Lika-liku Mengajar Saat Pandemi, Upaya Guru Beradaptasi dengan Situasi"
468,2022-03-03,KPK Harap Angelina Sondakh Beri Pesan Efek Jera Korupsi Itu Nyata
469,2022-03-03,UPDATE 3 Maret: Kasus Kematian akibat Covid-19 Capai 232
470,2022-03-03,Menlu Retno kepada WNI yang Kembali dari Ukraina: Selamat Berkumpul dengan Keluarga
471,2022-03-03,UPDATE 3 Maret: Kasus Sembuh Covid-19 Bertambah 42.154
472,2022-03-03,Menlu: 4 WNI di Kharkiv Sudah Bisa Keluar dan Tiba di Lviv
473,2022-03-03,"Positif Covid-19, 12 WNI yang Dievakuasi dari Ukraina Belum Bisa Dipulangkan"
474,2022-03-03,Kronologi Pemulangan 80 WNI dari Ukraina hingga Tiba di Tanah Air
475,2022-03-03,"Kawal Semangat Reformasi, PPP Tolak Wacana Menunda Pemilu"
476,2022-03-03,Wasekjen PKB Usul Ada Keputusan Bersama Kubur Spekulasi Penundaan Pemilu
477,2022-03-03,"Dievakuasi dari Ukraina, 80 WNI dan 3 WNA Tiba di Tanah Air "
478,2022-03-03,"Libur Nyepi, Pengunjung Taman Impian Jaya Ancol Mencapai 18.000 Orang"
479,2022-03-03,"2 Tahun Pandemi Covid-19, Kemenkes: Perjuangan Kita Belum Selesai"
480,2022-03-03,UPDATE 3 Maret: 37.259 Kasus Baru Covid-19 di Indonesia 
481,2022-03-03,Pemkot Usulkan Nama Pasar Glodok Diubah Jadi Pasar Petak Sembilan
482,2022-03-03,"Survei LSI: 66,3 Persen Responden Puas dengan Kinerja Jokowi, Mayoritas Tolak Tunda Pemilu"
483,2022-03-03,"Risiko Kegagalan Tinggi, Pemindahan IKN Diminta Hati-hati"
484,2022-03-03,"Setujui Resolusi PBB Soal Krisis Rusia-Ukraina, Indonesia Dinilai Mengekor AS"
485,2022-03-03,"Ragam Varian Covid-19 yang Terkonfirmasi di Jakarta, dari Alpha hingga Omicron"
486,2022-03-03,"Ajak Semua Pihak Dukung Pemindahan IKN, Bamsoet: Pembangunan Nasional Amanat Konstitusi"
487,2022-03-03,"Diduga Memalak Pengemudi Pikap di Cilincing, Bocah 13 Tahun Akan Dibina Dinas Sosial"
488,2022-03-03,"Soal Isu Penundaan Pemilu, Sekjen PDI-P: Orang di Sekitar Tak Paham Kehendak Jokowi"
489,2022-03-03,"Diduga Memalak Pengemudi Pikap di Cilincing, Bocah 13 Tahun Ditangkap Polisi"
490,2022-03-03,"Bappenas: Skenario Jumlah Penduduk di IKN Nusantara 1,9 Juta Orang"
491,2022-03-03,"Keppres Hari Kedaulatan Negara Tak Ada Nama Soeharto, Mahfud MD: Ini Bukan Buku Sejarah"
492,2022-03-03,"Warga Kunjungi TMII Saat Libur Nyepi, Ada Sekitar 1.000 Pengunjung hingga Siang Ini"
493,2022-03-03,"PSI Tolak Wacana Pemilu Ditunda, tapi Dukung Jokowi 3 Periode"
494,2022-03-03,"Pencairan JHT Kembali ke Aturan Lama, Politisi PKS: Jangan Cuma Gimik Politik"
495,2022-03-03,"Bertambah, Pasien Covid-19 Tanpa Gejala di Graha Wisata Ragunan Kini 10 Orang"
496,2022-03-03,Penjelasan Mahfud MD soal Nama Soeharto yang Tak Tercantum di Keppres tentang Serangan Umum 1 Maret
497,2022-03-03,"Puspomad Tindak Lanjuti Temuan Komnas HAM Ada Oknum TNI di Kerangkeng Manusia Bupati Langkat, Sejumlah Saksi Sudah Diperiksa"
498,2022-03-03,"Survei LSI: Mayoritas Tolak Perpanjangan Jabatan Presiden, Jokowi Harus Turun di 2024"
499,2022-03-03,Keppres Hari Kedaulatan Negara dan Peran Soeharto di Serangan Umum 1 Maret
500,2022-03-03,"Bebas dari Penjara, Angelina Sondakh Beri Semangat ke Tahanan Lain"
501,2022-03-03,Polisi Buru Pria Berbadan Kekar yang Banting Sopir Truk di Lampu Merah Cibubur
502,2022-03-03,"Tak Mengenal Azis Samual, Ketua KNPI Duga Ada Dalang Lain Terkait Pengeroyokannya"
503,2022-03-03,"PKS: Diamnya Jokowi Multitafsir, Bisa Dianggap Dukung Pemilu Ditunda"
504,2022-03-03,"Disorot gara-gara Tak Ada Nama Soeharto, Ini Isi Lengkap Keppres 1 Maret yang Diteken Jokowi"
505,2022-03-03,Ini Jadwal dan Lokasi Operasi Pasar Minyak Goreng dan Daging Kerbau di Kota Tangerang
506,2022-03-03,"Ada Operasi Pasar Minyak Goreng di Kota Tangerang, Pemkot: Diutamakan untuk yang Ikut Vaksinasi"
507,2022-03-03,"ASN NTB Diwajibkan Beli Tiket MotoGP Mandalika, Menpan RB: Pemda Punya Kebijakan Sendiri"
508,2022-03-03,"Angelina Sondakh Hirup Udara Bebas, Minta Maaf ke Masyarakat Indonesia"
509,2022-03-03,"Sejak Awal Tahun, 34 Pohon di Jaksel Tumbang akibat Hujan dan Angin Kencang"
510,2022-03-03,Perludem: Tunda Pemilu dengan Alasan Ekonomi Pandemi Covid-19 Bertentangan dengan Penyelenggaraan Pilkada 2020
511,2022-03-03,"Seorang Pemuda Tenggelam Saat Berenang di Danau Batusari, Jasadnya Ditemukan Pagi Ini"
512,2022-03-03,Sopir Truk Dibanting Orang Berbadan Kekar di Tengah Kemacetan Lampu Merah Cibubur
513,2022-03-03,"Aturan Taman Margasatwa Ragunan, Anak 6-12 Tahun yang Belum Vaksinasi Tak Bisa Masuk"
514,2022-03-03,"Koalisi Masyarakat Sipil Inisiasi Petisi Tolak Penundaan Pemilu, 400-an Orang Sudah Tanda Tangan"
515,2022-03-03,"Warga Padati Taman Margasatwa Ragunan Saat Libur Nyepi, Ada 1.547 Pengunjung Pagi Ini"
516,2022-03-03,"Anggap Aturan Lama JHT Berlaku Cuma sampai 4 Mei, Said Iqbal: Setelahnya Belum Tentu Sesuai Harapan Buruh"
517,2022-03-03,"Perampok Bobol Ruko Elektronik di Depok, Ancam Pemilik Pakai Golok, lalu Gasak Ratusan Juta Rupiah"
518,2022-03-03,KSP: Penjualan Tiket MotoGP Mandalika Belum Maksimal karena Akomodasi Terbatas
519,2022-03-03,"Air dan Listrik Diputus Sepihak, Penghuni Apartemen Mediterania Bertahan Pakai Lilin, Ambil Air di Posko Keamanan"
520,2022-03-03,"Libur Nyepi, Tidak Ada Kenaikan Penumpang Kereta di Stasiun Gambir dan Senen"
521,2022-03-03,"Menko PMK: Presiden Targetkan Angka ""Stunting"" Turun hingga 14 Persen pada 2024"
522,2022-03-03,Ketua KNPI Bingung Motif Azis Samual Perintahkan Pengeroyokan
523,2022-03-03,"Permenaker JHT Akan Direvisi, Buruh: Mestinya Dicabut, Menaker Harus Berpihak pada Pekerja"
524,2022-03-03,"Sejarah Pura Aditya Jaya, Rumah Ibadah Umat Hindu Pertama di Jakarta"
525,2022-03-03,"Saat Politisi Golkar Jadi Dalang Pengeroyokan Ketua KNPI Haris Pertama, Ditahan meski Bantah Semua Tuduhan"
526,2022-03-03,Saat Jokowi Sindir Grup WhatsApp TNI-Polri dan Relasi Sipil-Militer yang Politis...
527,2022-03-03,"Saat Rocky Gerung Dibawa Munarman Jadi Ahli di Sidang Terorisme, Sentil Jokowi Soal Grup Whatsapp TNI"
528,2022-03-03,"Dorong Inovasi dan Pengembangan Kapasitas Birokrasi, LAN Tanda Tangani MoU dengan 8 Instansi"
529,2022-03-03,"Kasus Penipuan Binomo: Indra Kenz Jadi Tersangka, Doni Salmanan Dilaporkan"
530,2022-03-03,"Ketika Warga Bongkar Pabrik Miras Ilegal Beromzet Rp 100 Juta di Jatiasih,  Bermula dari Bau Menyengat di Got"
531,2022-03-03,"Perang Rusia-Ukraina, SBY: Jangan Sampai Upaya 70 Tahun Cegah Perang Dunia dan Nuklir Sia-sia"
532,2022-03-03,"Jokowi Singgung Debat WhatsApp Soal IKN di Rapim TNI-Polri, Pengamat: Harusnya Bahas Hal Strategis"
533,2022-03-03,"Sederet Temuan Komnas HAM soal Kerangkeng Manusia Bupati Langkat: 6 Tewas, Oknum TNI-Polri Diduga Terlibat"
534,2022-03-03,"Fakta Pemberlakuan PTM Jenjang SD di Kota Tangerang: Dimulai 7 Maret, Khusus untuk Kelas 6"
535,2022-03-03,"1.117 Napi Beragama Hindu Terima Remisi Khusus Nyepi, 4 Langsung Bebas"
536,2022-03-03,"Perang Rusia-Ukraina, SBY Khawatirkan Terjadi Perang Dunia dan Nuklir"
537,2022-03-03,"Singgung Perdebatan Grup WA TNI Soal IKN, Intervensi Jokowi Dinilai Terlalu Jauh"
538,2022-03-03,"Setelah 1 Bulan Berpolemik, Pemerintah Bilang Pencairan JHT Dikembalikan ke Aturan Lama"
539,2022-03-03,[POPULER NASIONAL] KSAD Ingatkan Anggota Jangan Debat Soal IKN | Peluncuran Seragam Baru TNI AD
540,2022-03-03,UPDATE 2 Maret: Tambah 587 Kasus Covid-19 di Tangsel
541,2022-03-03,"UPDATE 2 Maret: Tambah 437 Kasus di Kota Tangerang, 5.967 Pasien Covid-19 Masih Dirawat"
542,2022-03-03,Menanti Ketegasan Jokowi soal Gaduh Isu Penundaan Pemilu...
543,2022-03-03,Perjuangan di Balik Nyepi dan Waisak Menjadi Hari Libur Nasional
544,2022-03-03,Unsur-unsur Pendukung Tegaknya Demokrasi
545,2022-03-03,"Demokrasi Pancasila: Pengertian, Aspek, Ciri, dan Prinsip"
546,2022-03-03,Pengertian dan Hakikat Wawasan Nusantara
547,2022-03-03,Contoh Wawasan Nusantara
548,2022-03-04,"Polres Jaksel Gelar Operasi Minyak Selama 6 Hari, 150 Ribu Liter Disediakan untuk Warga"
549,2022-03-04,Mayat Tanpa Identitas Ditemukan di Banjir Kanal Barat Gambir 
550,2022-03-04,"Tanggapi Survei Kepuasan Kinerja Jokowi, Stafsus Mensesneg: Kalau Lihat Angkanya Dukungan Masih Besar"
551,2022-03-04,Ini Penjelasan Mengapa Listrik dan Air Dimatikan di Beberapa Unit Apartemen Mediterania
552,2022-03-04,"Kemenkes: Positivity Rate Mingguan Turun Jadi 16,3 Persen"
553,2022-03-04,KPK Perpanjang Lagi Penahanan Wali Kota Bekasi Rahmat Effendi
554,2022-03-04,"Usai 2 Hari Mogok Jualan, Pedagang Daging Sapi Sebut Tak Ada Perubahan"
555,2022-03-04,Polisi Tangkap 2 Pelaku Penjambretan Seorang Pesepeda di Flyover Senayan
556,2022-03-04,"Kejar Motor Tetangga yang Dicuri, Pria di Ciledug Dikeroyok 4 Pelaku"
557,2022-03-04,Para Elite Parpol yang Tolak Pemilu Ditunda dari AHY sampai Prabowo
558,2022-03-04,"Sambut HUT Ke-25 Tahun, Pemkot Gelar Bekasi Great Sale 2022"
559,2022-03-04,Polisi Naikkan Kasus Doni Salmanan Terkait Binomo ke Tahap Penyidikan 
560,2022-03-04,KPK Duga Bupati Nonaktif PPU Abdul Gafur Ikut Campur Tangan dalam Proyek Lelang
561,2022-03-04,KPK Dalami Banyaknya Penerimaan Uang Bupati PPU Abdul Gafur dari Kontraktor Proyek
562,2022-03-04,Komisi D Minta Pemprov DKI Segera Habiskan Pinjaman PEN Rp 371 Miliar yang Belum Terpakai
563,2022-03-04,"Minyak Goreng Langka, Polres Metro Jaksel Gelar Operasi Pasar di Lokasi Berikut..."
564,2022-03-04,Polda Metro Bantah Tudingan PB HMI soal Salah Tangkap 4 Begal di Bekasi
565,2022-03-04,"Terbitkan Perpres 34/2022, Jokowi Tegaskan Lagi Pembangunan Indonesia sebagai Poros Maritim Dunia"
566,2022-03-04,Aktivitasnya Masih Diawasi meski Angelina Sondakh Telah Hirup Udara Bebas
567,2022-03-04,KSOP Marunda Minta Perusahaan di Wilayahnya Tak Cemari Lingkungan
568,2022-03-04,Cara dan Syarat Mendapatkan Layanan Derek Gratis di Tol
569,2022-03-04,Kejagung Hadirkan Ahli Hukum hingga Militer Usut Kasus HAM Paniai
570,2022-03-04,Kasus Gerombolan Pengendara Motor Masuk ke Tol Layang Kelapa Gading Ditindaklanjuti Mabes Polri
571,2022-03-04,"Usai Pedagang Mogok, Harga Daging Sapi di Pasar Kramatjati Naik Jadi Rp 140.000 Per Kg"
572,2022-03-04,Pendaftaran Seleksi Anggota Komnas HAM Diperpanjang hingga 8 April 2022
573,2022-03-04,"Proyek Underpass Dewi Sartika Depok Dimulai, Dishub Akan Terapkan Rekayasa Lalu Lintas"
574,2022-03-04,"Perkosa Bocah 7 Tahun di Jombang Tangsel, Kuli Bangunan Ditetapkan sebagai Tersangka"
575,2022-03-04,"Punya Skadron Pesawat Nirawak, KSAU: Penggunaan Teknologi Udara Jadi ""Game Changer"""
576,2022-03-04,"Beda Sikap Nasdem soal Penambahan Masa Jabatan Presiden: Dulu Pengusul, Kini Menolak"
577,2022-03-04,"PA 212 Gelar Demo di Depan Kemenag Jumat Siang, Berikut Isi Tuntutannya..."
578,2022-03-04,"Operasi Pasar di Tanah Tinggi Tawarkan Harga Murah, Warga Terbantu karena Susah Cari Minyak Goreng"
579,2022-03-04,"8 Pekerjanya Tewas Ditembak KKB, Ini Tanggapan PT Palapa Timur Telematika"
580,2022-03-04,"Berencana Kembali Terjun ke Politik, Angelina Sondakh: Nanti Kita Atur Jadwal"
581,2022-03-04,"PA 212 Bakal Demo di Depan Kemenag, 2.756 Personel TNI-Polri Dikerahkan"
582,2022-03-04,Satgas Pangan: Harga Sembako Diprediksi Naik Jelang Ramadhan
583,2022-03-04,"Sekjen PDI-P: Mau Dikemas Aneka Kamuflase, Sikap Jokowi Tetap Tolak Penundaan Pemilu"
584,2022-03-04,Ketika Jokowi Merasa Ditampar soal Wacana Presiden 3 Periode dan Sikap Diamnya Kini
585,2022-03-04,"Wacana Pemilu Diundur Belum Ditanggapi Jokowi, PDI-P: Jadi Pemimpin Itu Jawabannya Cuma Sekali, Tidak Berubah"
586,2022-03-04,"Cuti Menjelang Bebas, Angelina Sondakh Lapor Diri ke Balai Pemasyarakatan Jaksel hingga 1 Juni 2022"
587,2022-03-04,Polri: Minyak Goreng Langka karena Pelaku Usaha Tahan Stok
588,2022-03-04,"Gagal Lakukan Aksi Kejahatannya, Dua Pencuri Sepeda Motor Ditangkap Warga"
589,2022-03-04,Jokowi Diminta Tertibkan Parpol Koalisi yang Dukung Pemilu Ditunda
590,2022-03-04,Ini Penjelasan Mengapa Operasi Pasar di Tanah Tinggi Diprioritaskan bagi Penerima Vaksin
591,2022-03-04,"Setelah Mogok 4 Hari, Pedagang Daging Pasar Slipi Kembali Berjualan, Harga Masih Tinggi"
592,2022-03-04,Cara Mencicil Tunggakan Iuran BPJS Kesehatan
593,2022-03-04,"Pria Berbadan Kekar Banting Sopir Truk di Lampu Merah Cibubur, Sempat Mengaku ""Anggota"""
594,2022-03-04,"Komisi D DPRD DKI Soroti Pinjaman PEN Dinas SDA yang Baru Terserap 66,74 Persen"
595,2022-03-04,"Bangun Lanud Baru, TNI AU Bakal Geser 2 Skadron VIP/VVIP ke IKN Nusantara"
596,2022-03-04,"Bisa Beli Minyak Goreng di Polres dan Polsek di Jaksel, Ini Syarat Jadwalnya"
597,2022-03-04,"Kerap Terjadi Genangan, Saluran Persimpangan di Kampung Nelayan Akhirnya Diperbaiki"
598,2022-03-04,Pria Kekar Banting Sopir Truk di Lampu Merah Cibubur karena Kendaraan Terserempet Saat Macet
599,2022-03-04,Stafsus Mensesneg: Isu Penundaan Pemilu Tak Jadi Prioritas Pemerintah
600,2022-03-04,Parpol Usung Wacana Pemilu Ditunda dan Jokowi 3 Periode Bisa Jadi Tumbal Politik
601,2022-03-04,"Tak Terekam Kamera, Pria Kekar yang Banting Sopir di Cibubur Juga Pukul Kernet Truk"
602,2022-03-04,"PSI Dinilai ""Bunuh Diri"" Dukung Ide Jokowi 3 Periode"
603,2022-03-04,"Usai Vaksinasi, Warga Serbu Operasi Pasar Minyak Goreng dan Daging Kerbau di Tanah Tinggi"
604,2022-03-04,KPK Dorong Anggota G20 Tingkatkan Peran Audit dalam Pemberantasan Korupsi
605,2022-03-04,"Lapor Diri ke Badan Pemasyarakatan Jaksel Usai Bebas, Angelina Sondakh: Alhamdulillah Sehat"
606,2022-03-04,"Terungkap, Ini Penyebab Pria Kekar Aniaya Sopir Truk di Lampu Merah Cibubur"
607,2022-03-04,KSAU Tak Menampik Sanksi Barat ke Rusia Pengaruhi Pemeliharaan Alutsista
608,2022-03-04,"Pungli Tarif Derek di Tol Jagorawi, Operator Diberi Surat Peringatan"
609,2022-03-04,"Kejagung Sita 1,5 Juta Meter Persegi Tanah Milik Benny Tjokro di Bekasi"
610,2022-03-04,4 Orang Diduga Jadi Korban Salah Tangkap dan Disiksa Polisi di Bekasi
611,2022-03-04,Bareskrim Telah Periksa Sejumlah Saksi Terkait Pelaporan terhadap Doni Salmanan di Kasus Binomo
612,2022-03-04,"2 Sisi Wajah Pemerintah: Dulu ""Ngotot"" Pilkada 2020 meski Pandemi, Kini Diam soal Pemilu Ditunda"
613,2022-03-04,Prajurit TNI AU Calon Penerbang Jet Rafale Bakal Latihan di Perancis
614,2022-03-04,PB HMI Duga Polisi Salah Tangkap 4 Kadernya dalam Kasus Begal di Bekasi
615,2022-03-04,"Sebaran 6.580 Kasus Covid-19 Varian Omicron di Indonesia, DKI Jakarta Tertinggi"
616,2022-03-04,KSAU Bakal Tunjuk Prajurit yang Layak Awaki Jet Rafale untuk Jalani Pelatihan di Perancis
617,2022-03-04,KSAU Mulai Siapkan Calon Penerbang Tempur Jet Rafale
618,2022-03-04,Lokasi Vaksin di Tangerang Maret 2022 dan Link Pendaftaran
619,2022-03-04,Sederet Fasilitas untuk ASN yang Ditugaskan di IKN: Tunjangan Tambahan hingga Rumah Dinas
620,2022-03-04,Hakim Itong Diduga Aktif Dekati Pihak Beperkara di PN Surabaya untuk Putus Perkara Sesuai Keinginan
621,2022-03-04,"LPSK: Eksekusi Restitusi Pelaku Kejahatan Rendah, Ada Kelemahan Regulasi"
622,2022-03-04,"80 WNI Telah Dipulangkan dari Ukraina, Misi Evakuasi Terus Berlanjut"
623,2022-03-04,PP Muhammadiyah Desak PBB Aktif Akhiri Perang Rusia-Ukraina
624,2022-03-04,Penjelasan TNI soal Penyerangan KKB Tewaskan 8 Karyawan PTT di Puncak Papua
625,2022-03-04,KPK Dalami Dugaan Suap di Pemkab Tulungagung dengan Periksa Anggota DPRD
626,2022-03-04,Petugas Derek Tol Jagorawi Pelaku Pungli Akhirnya Dipecat
627,2022-03-04,"Di Balik Evakuasi WNI dari Ukraina, Prabowo Ternyata Intens Jalin Komunikasi dengan Menhan Rusia"
628,2022-03-04,"Buruh Desak Permenaker JHT Terbaru Dicabut, Bukan Direvisi"
629,2022-03-04,"Hirup Udara Bebas, Angelina Sondakh Bakal Lapor Diri ke Balai Pemasyarakatan Jaksel Hari Ini"
630,2022-03-04,"Harga Pangan di Jakarta Hari Ini, Cabai Rawit Merah Tembus Rp 71.957 Per Kilogram"
631,2022-03-04,PP Muhammadiyah Minta Umat Islam Tak Terpengaruh Propaganda di Balik Perang Rusia-Ukraina
632,2022-03-04,Imigrasi: 80 WNI yang Dipulangkan dari Ukraina Telah Lewati Pemeriksaan Covid-19
633,2022-03-04,Ancaman Demokrasi Semu di Balik Wacana Penundaan Pemilu
634,2022-03-04,"Dampak Pandemi Covid-19, Wanita Berisiko Kehilangan Pekerjaan Lebih Tinggi dari Pria"
635,2022-03-04,Mengingat Lagi Peristiwa Serangan Umum 1 Maret 1949 dan Peran Soeharto...
636,2022-03-04,Pasukan Elite TNI AU Ikut Berperan Pulangkan 80 WNI dari Ukraina
637,2022-03-04,Saifuddaulah Akan Gantikan Posisi Chairoman sebagai Ketua DPRD Kota Bekasi
638,2022-03-04,Ketika Nama Soeharto Tak Masuk Keppres Jokowi Soal Serangan Umum 1 Maret 1949
639,2022-03-04,Rakyat Tak Boleh Lengah Kawal Penolakan Wacana Penundaan Pemilu
640,2022-03-04,"Ditembak KKB Papua, Seorang Anggota Raider Suhbrastha Cedera"
641,2022-03-04,"UPDATE 3 Maret: Tambah 536 Kasus di Kota Tangerang, 5.841 Pasien Covid-19 Masih Dirawat"
642,2022-03-04,"Dalam Sepekan, Harga Cabai Rawit Merah di Pasar Kramatjati Naik 60 Persen, Tembus Rp 80.000 Per Kilogram"
643,2022-03-04,"Indonesia Dinilai Tak Berpihak ke Ukraina meski Setujui Resolusi PBB, Ini Alasannya..."
644,2022-03-04,2 Tahun Pandemi dan Langkah Pemerintah Menuju Masa Transisi
645,2022-03-04,Permintaan Maaf Angelina Sondakh Usai Keluar dari Penjara
646,2022-03-04,"UPDATE 3 Maret: Bertambah 592 Kasus Positif Covid-19 di Tangsel, 9.843 Pasien Masih Dirawat"
647,2022-03-04,8 Karyawan Palaparing Timur Telematika Tewas Diserang KKB Papua Saat Perbaiki Tower
648,2022-03-04,[POPULER NASIONAL] Keppres 1 Maret Disorot karena Tak Ada Nama Soeharto | Penjelasan Soal ASN NTB Wajib Beli Tiket MotoGP Mandalika
649,2022-03-04,Prakiraan Cuaca BMKG: Sebagian Jakarta Diguyur Hujan pada Pagi dan Siang
650,2022-03-04,5 Unsur Pokok Terbentuknya Masyarakat Madani
651,2022-03-04,Pembagian Kekuasaan dalam Kerangka Otonomi Daerah
652,2022-03-04,Hakikat Otonomi Daerah
653,2022-03-04,Norma dan Pilar Demokrasi 
