name,post at,tweets,tweets_clean
ballambinlove,2022-03-03,"@marlina_idha Pada 1999, Malaysia memutuskan untuk memindahkan Ibu Kota Negaranya ke Putrajaya sebagai kota administratif. Namun pemindahan tersebut dinilai gagal karena pegawai pemerintah Malaysia enggan pindah ke ibu kota negara baru. https://t.co/Mpako7hXch",malaysia memutuskan memindahkan ibu kota negaranya putrajaya kota administratif pemindahan tersebut dinilai gagal pegawai pemerintah malaysia enggan pindah ibu kota negara baru
MongabayID,2022-03-03,Pesisir Ibu Kota Negara Baru Dijanjikan Akan Berkelanjutan https://t.co/Er1bCIFtnV,pesisir ibu kota negara baru dijanjikan berkelanjutan
QueenDibaaa,2022-03-03,Irjen Dedi mengatakan tak ada personel Polri yang menolak Ibu Kota Negara (IKN) baru seperti yang disinggung Jokowi. Irjen Dedi mengatakan personel Polri setia dengan perintah pimpinan. https://t.co/qwKCNxHqjI,irjen dedi mengatakan tak personel polri menolak ibu kota negara ibu kota negara baru disinggung jokowi irjen dedi mengatakan personel polri setia perintah pimpinan
haibundacom,2022-03-03,"Besaran tunjangan Pegawai Negeri Sipil (PNS) yang akan pindah ke Ibu Kota Negara (IKN) baru kabarnya bakal berubah menyesuaikan kebutuhan di sana, Bunda. https://t.co/AKkkzrsOps",besaran tunjangan pegawai negeri sipil pns pindah ibu kota negara ibu kota negara baru kabarnya bakal berubah menyesuaikan kebutuhan sana bunda
gadisresidu_b3,2022-03-03,"8.harus mengakhiri masa jabatannya pada 2024 sesuai konstitusi (berkisar 68-71%), baik karena alasan pandemi, pemulihan ekonomi akibat pandemi, atau pembangunan Ibu Kota Negara baru.

‚Ä¢ Mayoritas warga juga lebih setuju bahwa pergantian kepemimpinan nasional melalui Pemilu 2024",mengakhiri masa jabatannya sesuai konstitusi berkisar baik alasan pandemi pemulihan ekonomi akibat pandemi pembangunan ibu kota negara baru mayoritas warga lebih setuju pergantian kepemimpinan nasional melalui pemilu
KompasData,2022-03-03,"Pemindahan Ibu Kota Negara bertujuan untuk menekan kesenjangan perekonomian Jawa dan Luar Jawa. Belajar dari Brasil, pemindahan ibu kota perlu juga mewaspadai kemungkinan munculnya kesenjangan baru. @atmoberkicau #LitbangKompas #Kompaspedia #AdadiKompas https://t.co/pxFY8fkk2T",pemindahan ibu kota negara bertujuan menekan kesenjangan perekonomian jawa luar jawa belajar brasil pemindahan ibu kota perlu mewaspadai kemungkinan munculnya kesenjangan baru litbangkompas kompaspedia adadikompas
YusufPulungan,2022-03-03,Ibu Kota  Negara  (IKN) Baru Bukan Untuk Rakyat Tapi Proyek Oligarki Kap... https://t.co/lyTsxKJ0PV lewat @YouTube,ibu kota negara ibu kota negara baru bukan rakyat proyek oligarki kap lewat
TRIOKWEKKWEKkI2,2022-03-03,"@KangUtang04 @freedoml4nd3535 @L42454thie @negri_dongeng08 @JamanEdan543123 @SayRi31180709 @ManiseWidiarti @FattiReyz @M898black_Arrow @Cint4N @Ikotjo @Sis885 @Hilang8281 @PutraRa33763114 PEMERINTAHAN JOKOWI INI UDAH TUMBANG KAN, BOKEK KAN?

Mana pemerintahan barunya? Segera pilih presiden baru lah.

Butuh Uang Rp1000 Triliun Demi Ibu Kota Baru, Pemerintah Jual Tanah Negara https://t.co/zZtoCmZrKM

#PresidenPengkhianatNegara",pemerintahan jokowi udah tumbang kan bokek kan mana pemerintahan barunya segera pilih presiden baru lah butuh uang rp triliun ibu kota baru pemerintah jual tanah negara presidenpengkhianatnegara
Beritasatu,2022-03-03,"Menko Marves Luhut menawarkan Pangeran Salman peluang investasi dalam pembangunan Ibu Kota Negara baru, energi baru dan terbarukan, dll.

Selengkapnya: üëá #IbuKotaNegara https://t.co/nglgjE3frC",menko marves luhut menawarkan pangeran salman peluang investasi pembangunan ibu kota negara baru energi baru terbarukan selengkapnya ibu kota negara
demokrasicoid,2022-03-03,Ketua MPR: Jangan Rusak Hutan Dalam Membangun Ibu Kota Negara Baru https://t.co/QZWwuFAuih,ketua mpr jangan rusak hutan membangun ibu kota negara baru
UdaDalias,2022-03-03,"Temuan:
1. Mayoritas warga menolak perpanjangan masa jabatan presiden sehingga Presiden Joko Widodo harus mengakhiri masa jabatannya pada 2024 sesuai konstitusi (berkisar 68-71%), baik karena alasan pandemi, pemulihan ekonomi akibat pandemi, atau pembangunan Ibu Kota Negara baru.",temuan mayoritas warga menolak perpanjangan masa jabatan presiden presiden joko widodo mengakhiri masa jabatannya sesuai konstitusi berkisar baik alasan pandemi pemulihan ekonomi akibat pandemi pembangunan ibu kota negara baru
azkadotid,2022-03-03,Ketua MPR: Jangan Rusak Hutan Dalam Membangun Ibu Kota Negara¬†Baru https://t.co/eBBDfACelq,ketua mpr jangan rusak hutan membangun ibu kota negara baru
KATADATAcoid,2022-03-03,"Menko Marves Luhut Binsar Pandjaitan menjajaki peluang investasi Arab Saudi untuk sejumlah proyek di Indonesia, termasuk pembangunan Ibu Kota Negara (IKN) baru.

 https://t.co/2qjda42Rsn",menko marves luhut binsar pandjaitan menjajaki peluang investasi arab saudi sejumlah proyek indonesia termasuk pembangunan ibu kota negara ibu kota negara baru
rumah123,2022-03-03,Mau tau seperti apa pembangunan di ibu kota negara baru? Smart forest city jadi pilihannya. Seperti apa ya? https://t.co/Y9f5hE0dOF #123Info #Rumah123 #Rumah123Info,mau tau apa pembangunan ibu kota negara baru smart forest city jadi pilihannya apa info rumah rumah info
GitaAmanyyy,2022-03-03,"Kepala BIN Bicara Intelligent City di Ibu Kota Negara Baru
https://t.co/diK5mLm7NC",kepala bin bicara intelligent city ibu kota negara baru
MahmudinAhmad5,2022-03-03,"Kepala BIN Bicara Intelligent City di Ibu Kota Negara Baru
https://t.co/IrIX03mQYd",kepala bin bicara intelligent city ibu kota negara baru
GrizelleJovank4,2022-03-03,"Kepala BIN Bicara Intelligent City di Ibu Kota Negara Baru
https://t.co/Qm6F1NL1NK
Prokes Jangan Kendor",kepala bin bicara intelligent city ibu kota negara baru prokes jangan kendor
MaulaSani1,2022-03-03,"Kepala BIN Bicara Intelligent City di Ibu Kota Negara Baru
https://t.co/Vd5D6eTiRW",kepala bin bicara intelligent city ibu kota negara baru
ZonaWajibSenyum,2022-03-03,"Kepala BIN Bicara Intelligent City di Ibu Kota Negara Baru
https://t.co/fmcFWw2juX
Prokes Jangan Kendor",kepala bin bicara intelligent city ibu kota negara baru prokes jangan kendor
VianieRiska,2022-03-03,"Kepala BIN Bicara Intelligent City di Ibu Kota Negara Baru
https://t.co/X2Wa9FbNI8
Prokes Jangan Kendor",kepala bin bicara intelligent city ibu kota negara baru prokes jangan kendor
Amir221udin,2022-03-03,"Kepala BIN Bicara Intelligent City di Ibu Kota Negara Baru
Prokes Jangan Kendor
https://t.co/5lpXM5AQCj",kepala bin bicara intelligent city ibu kota negara baru prokes jangan kendor
AlmirRisa,2022-03-03,"@catatankaqihati Kepala BIN Bicara Intelligent City di Ibu Kota Negara Baru
Prokes Jangan Kendor
https://t.co/s1LuilaVn2",kepala bin bicara intelligent city ibu kota negara baru prokes jangan kendor
Codett1111,2022-03-03,"Kepala BIN Bicara Intelligent City di Ibu Kota Negara Baru
https://t.co/sDiWQcKNdK
..
Prokes Jangan Kendor",kepala bin bicara intelligent city ibu kota negara baru prokes jangan kendor
NttInfo,2022-03-03,"Kepala BIN Bicara Intelligent City di Ibu Kota Negara Baru. Prokes Jangan Kendor 
https://t.co/Da1SeG1uH1",kepala bin bicara intelligent city ibu kota negara baru prokes jangan kendor
AcengGoceng19,2022-03-03,"Kepala BIN Bicara Intelligent City di Ibu Kota Negara Baru
https://t.co/QB1HmkUFYE",kepala bin bicara intelligent city ibu kota negara baru
sakti_gundala,2022-03-03,"Kepala BIN Bicara Intelligent City di Ibu Kota Negara Baru
Prokes Jangan Kendor
https://t.co/PJ3cwq0hSx",kepala bin bicara intelligent city ibu kota negara baru prokes jangan kendor
DaraSagita99,2022-03-03,IBU KOTA NEGARA di Kalimantan Timur nantinya akan merepresentasikan Indonesia sehingga akan dibangun dengan konsep smart and green city dgn memanfaatkan energi baru dan terbarukan. https://t.co/LRzkq76FsF,ibu kota negara kalimantan timur nantinya merepresentasikan indonesia dibangun konsep smart and green city dgn memanfaatkan energi baru terbarukan
WulanRestu2,2022-03-03,"Kepala BIN Bicara Intelligent City di Ibu Kota Negara Baru
Prokes Jangan Kendor 
https://t.co/BFZu6QNDcG",kepala bin bicara intelligent city ibu kota negara baru prokes jangan kendor
MandaraResi,2022-03-03,"Kepala BIN Bicara Intelligent City di Ibu Kota Negara Baru
Prokes Jangan Kendor 
https://t.co/H7pJGwVAwn",kepala bin bicara intelligent city ibu kota negara baru prokes jangan kendor
RidhoIl54292846,2022-03-03,"Kepala BIN Bicara Intelligent City di Ibu Kota Negara Baru
Prokes Jangan Kendor
https://t.co/E5Vg1oSjHf",kepala bin bicara intelligent city ibu kota negara baru prokes jangan kendor
KozukoVm,2022-03-03,"Kepala BIN Bicara Intelligent City di Ibu Kota Negara Baru
https://t.co/JflTKCv63w",kepala bin bicara intelligent city ibu kota negara baru
BaubauC,2022-03-03,"Kepala BIN Bicara Intelligent City di Ibu Kota Negara Baru
Prokes Jangan Kendor
https://t.co/m1Uyv4r7qt https://t.co/GGfk7wB5uL",kepala bin bicara intelligent city ibu kota negara baru prokes jangan kendor
Rikayanti25,2022-03-03,"Kepala BIN Bicara Intelligent City di Ibu Kota Negara Baru
https://t.co/N3KlFA95gm
Prokes Jangan Kendor",kepala bin bicara intelligent city ibu kota negara baru prokes jangan kendor
MilleniaPretty,2022-03-03,"Kepala BIN Bicara Intelligent City di Ibu Kota Negara Baru
Prokes Jangan Kendor
https://t.co/sOygCKxeJ1",kepala bin bicara intelligent city ibu kota negara baru prokes jangan kendor
WilonaAnastasy2,2022-03-03,"Kepala BIN Bicara Intelligent City di Ibu Kota Negara Baru
Prokes Jangan Kendor
https://t.co/KoHHLxFNVQ",kepala bin bicara intelligent city ibu kota negara baru prokes jangan kendor
AsiyahFebri,2022-03-03,"Kepala BIN Bicara Intelligent City di Ibu Kota Negara Baru
https://t.co/EGEBd6b035",kepala bin bicara intelligent city ibu kota negara baru
MinC900,2022-03-03,"Kepala BIN Bicara Intelligent City di Ibu Kota Negara Baru
https://t.co/BIxtHsqWZ8",kepala bin bicara intelligent city ibu kota negara baru
SafinaYulianti3,2022-03-03,"Kepala BIN Bicara Intelligent City di Ibu Kota Negara Baru
https://t.co/3vLmWPgCWQ

Prokes Jangan Kendor",kepala bin bicara intelligent city ibu kota negara baru prokes jangan kendor
HSanggula,2022-03-03,"Kepala BIN Bicara Intelligent City di Ibu Kota Negara Baru. Prokes Jangan Kendor
https://t.co/hjqnSDRLhM",kepala bin bicara intelligent city ibu kota negara baru prokes jangan kendor
Gladis_069,2022-03-03,"Kepala BIN Bicara Intelligent City di Ibu Kota Negara Baru
Prokes Jangan Kendor
https://t.co/rWuXjcwb5U",kepala bin bicara intelligent city ibu kota negara baru prokes jangan kendor
arifudinnn48,2022-03-03,"Kepala BIN Bicara Intelligent City di Ibu Kota Negara Baru. Prokes Jangan Kendor
https://t.co/tx0ykaIzTT",kepala bin bicara intelligent city ibu kota negara baru prokes jangan kendor
imeldasanjaya1,2022-03-03,"Kepala BIN Bicara Intelligent City di Ibu Kota Negara Baru. Prokes Jangan Kendor
https://t.co/HTFHKTbluo",kepala bin bicara intelligent city ibu kota negara baru prokes jangan kendor
farraz_frey,2022-03-03,"Kepala BIN Bicara Intelligent City di Ibu Kota Negara Baru
Prokes Jangan Kendor
https://t.co/FMncBGPQTo",kepala bin bicara intelligent city ibu kota negara baru prokes jangan kendor
EntinKa54934158,2022-03-03,"Kepala BIN Bicara Intelligent City di Ibu Kota Negara Baru
Prokes Jangan Kendor
https://t.co/IOgevxFz9L",kepala bin bicara intelligent city ibu kota negara baru prokes jangan kendor
utakalera,2022-03-03,"https://t.co/w7dl65u1iy

Prokes Jangan Kendor",prokes jangan kendor
BotakPahlawan,2022-03-03,"Kalimantan Timur dinilai menjadi lokasi tepat untuk menjadi IBU KOTA NEGARA baru karena minimnya potensi bencana alam yg terjadi di sana
#iknbarunusantara #IKN https://t.co/biij4X7vsm",kalimantan timur dinilai menjadi lokasi tepat menjadi ibu kota negara baru minimnya potensi bencana alam terjadi sana iknbarunusantara ibu kota negara
InfoPapua6,2022-03-03,"Kepala BIN Bicara Intelligent City di Ibu Kota Negara Baru. Prokes Jangan Kendor
https://t.co/gt7E3ZmNiv",kepala bin bicara intelligent city ibu kota negara baru prokes jangan kendor
NkriBuzzer,2022-03-03,"6‚É£0‚É£‚è¨‚ñ∂Ô∏èKepala BIN Bicara Intelligent City di Ibu Kota Negara Baru
Prokes Jangan Kendor
https://t.co/cIza7Gdy5e https://t.co/uTYPVezQov",kepala bin bicara intelligent city ibu kota negara baru prokes jangan kendor
RakyatJambi4,2022-03-03,"4‚É£9‚É£‚è¨‚ñ∂Ô∏èKepala BIN Bicara Intelligent City di Ibu Kota Negara Baru
Prokes Jangan Kendor
https://t.co/1QH7OaqMhq https://t.co/65wmTYC2To",kepala bin bicara intelligent city ibu kota negara baru prokes jangan kendor
JonBaratheon1,2022-03-03,"Kepala BIN Bicara Intelligent City di Ibu Kota Negara Baru
https://t.co/I1fhBSxq0I
Prokes Jangan Kendor",kepala bin bicara intelligent city ibu kota negara baru prokes jangan kendor
NonaKartika4,2022-03-03,"Intelligent City di Ibu Kota Negara Baru, Prokes Jangan Kendor https://t.co/wdJ802U9FX",intelligent city ibu kota negara baru prokes jangan kendor
P7Ang_JMB,2022-03-03,"3‚É£8‚É£‚è¨‚ñ∂Ô∏èKepala BIN Bicara Intelligent City di Ibu Kota Negara Baru
Prokes Jangan Kendor
https://t.co/3AwM7IkvhT https://t.co/1F9xneVs4X",kepala bin bicara intelligent city ibu kota negara baru prokes jangan kendor
randi_marten,2022-03-03,"Kepala BIN Bicara Intelligent City di Ibu Kota Negara Baru
Prokes Jangan Kendor
https://t.co/75imqX7CSm",kepala bin bicara intelligent city ibu kota negara baru prokes jangan kendor
P7Ang_TBO,2022-03-03,"2‚É£7‚É£‚è¨‚ñ∂Ô∏èKepala BIN Bicara Intelligent City di Ibu Kota Negara Baru
Prokes Jangan Kendor
https://t.co/lh50ZPK3xz https://t.co/kGhU8IpyCV",kepala bin bicara intelligent city ibu kota negara baru prokes jangan kendor
ArzanulA,2022-03-03,"Kepala BIN Bicara Intelligent City di Ibu Kota Negara Baru
Prokes Jangan Kendor
https://t.co/fwhdAYhwkt",kepala bin bicara intelligent city ibu kota negara baru prokes jangan kendor
P7Ang_BTH,2022-03-03,"1‚É£6‚É£‚è¨‚ñ∂Ô∏èKepala BIN Bicara Intelligent City di Ibu Kota Negara Baru
Prokes Jangan Kendor
https://t.co/t6uLGur5vd https://t.co/wiuIN2l1FE",kepala bin bicara intelligent city ibu kota negara baru prokes jangan kendor
P7Ang_3,2022-03-03,"5‚É£‚è¨‚ñ∂Ô∏èKepala BIN Bicara Intelligent City di Ibu Kota Negara Baru
Prokes Jangan Kendor
https://t.co/Se74BVMdl1 https://t.co/HAM8CRk8w3",kepala bin bicara intelligent city ibu kota negara baru prokes jangan kendor
ArifaNidya,2022-03-03,"Kepala BIN Bicara Intelligent City di Ibu Kota Negara Baru, Prokes Jangan Kendor https://t.co/OOUsWVp61k",kepala bin bicara intelligent city ibu kota negara baru prokes jangan kendor
koa_waje,2022-03-03,"Kepala BIN Bicara Intelligent City di Ibu Kota Negara Baru
https://t.co/HAYYMuBHOP
Prokes Jangan Kendor",kepala bin bicara intelligent city ibu kota negara baru prokes jangan kendor
AdrianSanjaya16,2022-03-03,"Kepala BIN Bicara Intelligent City di Ibu Kota Negara Baru
Prokes Jangan Kendor
https://t.co/qM7CQnazaI",kepala bin bicara intelligent city ibu kota negara baru prokes jangan kendor
rangset01,2022-03-03,"Kepala BIN Bicara Intelligent City di Ibu Kota Negara Baru

Prokes Jangan Kendor
https://t.co/1adOHwsSlg",kepala bin bicara intelligent city ibu kota negara baru prokes jangan kendor
RenataSumiati,2022-03-03,"Kepala BIN Bicara Intelligent City di Ibu Kota Negara Baru
Prokes Jangan Kendor
https://t.co/iOuXRJ9RPD",kepala bin bicara intelligent city ibu kota negara baru prokes jangan kendor
JumadiLuki,2022-03-03,"Kepala BIN Bicara Intelligent City di Ibu Kota Negara Baru
Prokes Jangan Kendor
https://t.co/3zkGF8lnVS",kepala bin bicara intelligent city ibu kota negara baru prokes jangan kendor
IndahPe40836519,2022-03-03,"Kepala BIN Bicara Intelligent City di Ibu Kota Negara Baru

Prokes Jangan Kendor
https://t.co/lTAOI1eBGt",kepala bin bicara intelligent city ibu kota negara baru prokes jangan kendor
aguspras0912,2022-03-03,"Kepala BIN Bicara Intelligent City di Ibu Kota Negara Baru

Prokes Jangan Kendor
https://t.co/4mPjBsGZ3A",kepala bin bicara intelligent city ibu kota negara baru prokes jangan kendor
RiyanFernanda4,2022-03-03,"Kepala BIN Bicara Intelligent City di Ibu Kota Negara Baru
Prokes Jangan Kendor
https://t.co/Aw0VOiAr5L",kepala bin bicara intelligent city ibu kota negara baru prokes jangan kendor
LodinKonto,2022-03-03,"Prokes Jangan Kendor | Kepala BIN Bicara Intelligent City di Ibu Kota Negara Baru
https://t.co/P75wWStYTK",prokes jangan kendor kepala bin bicara intelligent city ibu kota negara baru
DandiHandoko,2022-03-03,Pembangunan Ibu Kota Negara yang baru merupakan bagian dari transformasi ekonomi yang akan bermanfaat bagi Indonesia. Prokes Jangan Kendor https://t.co/PVQFwkbRUe,pembangunan ibu kota negara baru merupakan bagian transformasi ekonomi bermanfaat indonesia prokes jangan kendor
DandiHandoko,2022-03-03,Pembangunan Ibu Kota Negara yang baru merupakan bagian dari transformasi ekonomi yang akan bermanfaat bagi Indonesia. Prokes Jangan Kendor https://t.co/G7h5io6UJo,pembangunan ibu kota negara baru merupakan bagian transformasi ekonomi bermanfaat indonesia prokes jangan kendor
DandiHandoko,2022-03-03,Pembangunan Ibu Kota Negara yang baru merupakan bagian dari transformasi ekonomi yang akan bermanfaat bagi Indonesia. Prokes Jangan Kendor https://t.co/4WDfR2l2mW,pembangunan ibu kota negara baru merupakan bagian transformasi ekonomi bermanfaat indonesia prokes jangan kendor
DandiHandoko,2022-03-03,Pembangunan Ibu Kota Negara yang baru merupakan bagian dari transformasi ekonomi yang akan bermanfaat bagi Indonesia. Prokes Jangan Kendor https://t.co/dNoNDXvcAz,pembangunan ibu kota negara baru merupakan bagian transformasi ekonomi bermanfaat indonesia prokes jangan kendor
IndonesiaKita20,2022-03-03,"Dukung pemindahan ibu kota negara baru
Prokes Jangan Kendor https://t.co/uNhT68jdJu",dukung pemindahan ibu kota negara baru prokes jangan kendor
arifset098,2022-03-03,"Kepala BIN Bicara Intelligent City di Ibu Kota Negara Baru

Prokes Jangan Kendor
https://t.co/1d6NrOGm5E",kepala bin bicara intelligent city ibu kota negara baru prokes jangan kendor
IndonesiaKita20,2022-03-03,"Dukung pemindahan ibu kota negara baru
Prokes Jangan Kendor https://t.co/7vlBFFXkhf",dukung pemindahan ibu kota negara baru prokes jangan kendor
IndonesiaKita20,2022-03-03,"Dukung pemindahan ibu kota negara baru
Prokes Jangan Kendor https://t.co/43mW4TkxVB",dukung pemindahan ibu kota negara baru prokes jangan kendor
IndonesiaKita20,2022-03-03,"Dukung pemindahan ibu kota negara baru
Prokes Jangan Kendor https://t.co/M14ZPzmGjR",dukung pemindahan ibu kota negara baru prokes jangan kendor
IndonesiaKita20,2022-03-03,"Dukung pemindahan ibu kota negara baru
Prokes Jangan Kendor https://t.co/fypgFmlpGY",dukung pemindahan ibu kota negara baru prokes jangan kendor
dikaand40384851,2022-03-03,"Kepala BIN Bicara Intelligent City di Ibu Kota Negara Baru. Prokes Jangan Kendor
https://t.co/3MGPPB3Uqh",kepala bin bicara intelligent city ibu kota negara baru prokes jangan kendor
fajrin82682427,2022-03-03,"Kepala BIN Bicara Intelligent City di Ibu Kota Negara Baru. Prokes Jangan Kendor
https://t.co/A264w4KEKc",kepala bin bicara intelligent city ibu kota negara baru prokes jangan kendor
EnjoRaih,2022-03-03,Kepala BIN Bicara Intelligent City di Ibu Kota Negara Baru.Prokes Jangan Kendor  https://t.co/R2aaBl9twr,kepala bin bicara intelligent city ibu kota negara baru prokes jangan kendor
AraAraKmchi,2022-03-03,Kepala BIN Bicara Intelligent City di Ibu Kota Negara Baru.Prokes Jangan Kendor  https://t.co/R9qA52qnWN,kepala bin bicara intelligent city ibu kota negara baru prokes jangan kendor
AndreRaharjo7,2022-03-03,Kepala BIN Bicara Intelligent City di Ibu Kota Negara Baru.Prokes Jangan Kendor  https://t.co/JIJ1WnazZH,kepala bin bicara intelligent city ibu kota negara baru prokes jangan kendor
MiceSaka,2022-03-03,Kepala BIN Bicara Intelligent City di Ibu Kota Negara Baru.Prokes Jangan Kendor  https://t.co/5uUeBiXgRw,kepala bin bicara intelligent city ibu kota negara baru prokes jangan kendor
Haryant47740058,2022-03-03,"Kepala BIN Bicara Intelligent City di Ibu Kota Negara Baru. Prokes Jangan Kendor
https://t.co/7VWHT5w0WN",kepala bin bicara intelligent city ibu kota negara baru prokes jangan kendor
TusaFaigter01,2022-03-03,"Kepala BIN Bicara Intelligent City di Ibu Kota Negara Baru
Prokes Jangan Kendor
https://t.co/2oiRqALmna",kepala bin bicara intelligent city ibu kota negara baru prokes jangan kendor
mimebittie794,2022-03-03,"Dukung pemindahan ibu kota negara baru
Prokes Jangan Kendor https://t.co/27KjF9d75t",dukung pemindahan ibu kota negara baru prokes jangan kendor
mimebittie794,2022-03-03,"Dukung pemindahan ibu kota negara baru
Prokes Jangan Kendor https://t.co/OWIHVHZU0t",dukung pemindahan ibu kota negara baru prokes jangan kendor
mimebittie794,2022-03-03,"Dukung pemindahan ibu kota negara baru
Prokes Jangan Kendor https://t.co/I9He8RLMgu",dukung pemindahan ibu kota negara baru prokes jangan kendor
mimebittie794,2022-03-03,"Dukung pemindahan ibu kota negara baru
Prokes Jangan Kendor https://t.co/B1EsWvEO64",dukung pemindahan ibu kota negara baru prokes jangan kendor
mimebittie794,2022-03-03,"Dukung pemindahan ibu kota negara baru
Prokes Jangan Kendor https://t.co/pGOsCkaaiW",dukung pemindahan ibu kota negara baru prokes jangan kendor
eko53182607,2022-03-03,"Dukung pemindahan ibu kota negara baru
Prokes Jangan Kendor https://t.co/4wOZBfI2CL",dukung pemindahan ibu kota negara baru prokes jangan kendor
eko53182607,2022-03-03,"Dukung pemindahan ibu kota negara baru
Prokes Jangan Kendor https://t.co/wnPtp8Mflz",dukung pemindahan ibu kota negara baru prokes jangan kendor
eko53182607,2022-03-03,"Dukung pemindahan ibu kota negara baru
Prokes Jangan Kendor https://t.co/V0zUIZNiaK",dukung pemindahan ibu kota negara baru prokes jangan kendor
eko53182607,2022-03-03,"Dukung pemindahan ibu kota negara baru
Prokes Jangan Kendor https://t.co/3FbiwThvpN",dukung pemindahan ibu kota negara baru prokes jangan kendor
eko53182607,2022-03-03,"Dukung pemindahan ibu kota negara baru
Prokes Jangan Kendor https://t.co/pbfYuUVtln",dukung pemindahan ibu kota negara baru prokes jangan kendor
adiakbar25,2022-03-03,"Kepala BIN Bicara Intelligent City di Ibu Kota Negara Baru
Prokes Jangan Kendor
https://t.co/gutlXD9hcX",kepala bin bicara intelligent city ibu kota negara baru prokes jangan kendor
Indones30157609,2022-03-03,"Dukung pemindahan ibu kota negara baru
Prokes Jangan Kendor https://t.co/HghB2S32m2",dukung pemindahan ibu kota negara baru prokes jangan kendor
Indones30157609,2022-03-03,"Dukung pemindahan ibu kota negara baru
Prokes Jangan Kendor https://t.co/f3GX0nHkpl",dukung pemindahan ibu kota negara baru prokes jangan kendor
Indones30157609,2022-03-03,"Dukung pemindahan ibu kota negara baru
Prokes Jangan Kendor https://t.co/YYWKvnI0H6",dukung pemindahan ibu kota negara baru prokes jangan kendor
Indones30157609,2022-03-03,"Dukung pemindahan ibu kota negara baru
Prokes Jangan Kendor https://t.co/srnvGXo53D",dukung pemindahan ibu kota negara baru prokes jangan kendor
Indones30157609,2022-03-03,"Dukung pemindahan ibu kota negara baru
Prokes Jangan Kendor https://t.co/Mh3QL3TjVv",dukung pemindahan ibu kota negara baru prokes jangan kendor
putribudianto,2022-03-03,"Kepala BIN Bicara Intelligent City di Ibu Kota Negara Baru

Prokes Jangan Kendor
https://t.co/RrNTodiv34",kepala bin bicara intelligent city ibu kota negara baru prokes jangan kendor
JuiceMelon69,2022-03-03,"Prokes Jangan Kendor Kepala BIN Bicara Intelligent City di Ibu Kota Negara Baru
https://t.co/AO4peH0gAf https://t.co/1ZwWla7Rn6",prokes jangan kendor kepala bin bicara intelligent city ibu kota negara baru
CacingPerkasa,2022-03-03,"Prokes Jangan Kendor Kepala BIN Bicara Intelligent City di Ibu Kota Negara Baru
https://t.co/FX7rP8AcDd https://t.co/ouWN3nmcIz",prokes jangan kendor kepala bin bicara intelligent city ibu kota negara baru
BebekLamis,2022-03-03,"rokes Jangan Kendor Kepala BIN Bicara Intelligent City di Ibu Kota Negara Baru
https://t.co/uESaUBEZyu https://t.co/U1sHdCmfqB",rokes jangan kendor kepala bin bicara intelligent city ibu kota negara baru
RNeryo,2022-03-03,"Kepala BIN Bicara Intelligent City di Ibu Kota Negara Baru
Prokes Jangan Kendor
https://t.co/KgXUaPSDg8",kepala bin bicara intelligent city ibu kota negara baru prokes jangan kendor
Achmads85843424,2022-03-03,"Kepala BIN Bicara Intelligent City di Ibu Kota Negara Baru
Prokes Jangan Kendor
https://t.co/FPZ2TEoyg5",kepala bin bicara intelligent city ibu kota negara baru prokes jangan kendor
Cantika38589943,2022-03-03,"Kepala BIN Bicara Intelligent City di Ibu Kota Negara Baru
Prokes Jangan Kendor
https://t.co/mrBrofIBE2",kepala bin bicara intelligent city ibu kota negara baru prokes jangan kendor
alfitra_nanda,2022-03-03,"Kepala BIN Bicara Intelligent City di Ibu Kota Negara Baru
Prokes Jangan Kendor
https://t.co/tFUEIEQ13m",kepala bin bicara intelligent city ibu kota negara baru prokes jangan kendor
CikaPut_RI,2022-03-03,"Kepala BIN Bicara Intelligent City di Ibu Kota Negara Baru
Prokes Jangan Kendor
https://t.co/pIJUkTJXyZ",kepala bin bicara intelligent city ibu kota negara baru prokes jangan kendor
SuryaRa56517558,2022-03-03,"Kepala BIN Bicara Intelligent City di Ibu Kota Negara Baru
Prokes Jangan Kendor
https://t.co/tnVFdfiife",kepala bin bicara intelligent city ibu kota negara baru prokes jangan kendor
FikiLukmana,2022-03-03,"Kepala BIN Bicara Intelligent City di Ibu Kota Negara Baru
Prokes Jangan Kendor
https://t.co/XwTzCBPGdf",kepala bin bicara intelligent city ibu kota negara baru prokes jangan kendor
syafrilnababan1,2022-03-03,"... Kepala BIN Bicara Intelligent City di Ibu Kota Negara Baru
Prokes Jangan Kendor
https://t.co/YY5PhyKfou",kepala bin bicara intelligent city ibu kota negara baru prokes jangan kendor
KarinaSyafira69,2022-03-03,"Kepala BIN Bicara Intelligent City di Ibu Kota Negara Baru

Prokes Jangan Kendor
https://t.co/SP20AaRmy6",kepala bin bicara intelligent city ibu kota negara baru prokes jangan kendor
KayanganTifa,2022-03-03,"Kepala BIN Bicara Intelligent City di Ibu Kota Negara Baru.
Prokes Jangan Kendor
https://t.co/0glB7W64md",kepala bin bicara intelligent city ibu kota negara baru prokes jangan kendor
DianHernawati5,2022-03-03,"Kepala BIN Bicara Intelligent City di Ibu Kota Negara Baru

Prokes Jangan Kendor
https://t.co/DSerXvc7s8",kepala bin bicara intelligent city ibu kota negara baru prokes jangan kendor
pinkyguuy,2022-03-03,"Kepala BIN Bicara Intelligent City di Ibu Kota Negara Baru
Prokes Jangan Kendor
https://t.co/os4GCvPFct",kepala bin bicara intelligent city ibu kota negara baru prokes jangan kendor
WellOne11,2022-03-03,"Kepala BIN Bicara Intelligent City di Ibu Kota Negara Baru

Prokes Jangan Kendor
https://t.co/Uon5pOI2y2",kepala bin bicara intelligent city ibu kota negara baru prokes jangan kendor
SujanaThomas,2022-03-03,"Kepala BIN Bicara Intelligent City di Ibu Kota Negara Baru
Prokes Jangan Kendor
https://t.co/MleY9TiGEg",kepala bin bicara intelligent city ibu kota negara baru prokes jangan kendor
HugiPamungkas,2022-03-03,"Kepala BIN Bicara Intelligent City di Ibu Kota Negara Baru
Prokes Jangan Kendor
https://t.co/Wu6aRvoWhg",kepala bin bicara intelligent city ibu kota negara baru prokes jangan kendor
Lisa18119565,2022-03-03,"https://t.co/Adb5fxfi2W
Prokes Jangan Kendor",prokes jangan kendor
BagaraSuka,2022-03-03,"Kepala BIN Bicara Intelligent City di Ibu Kota Negara Baru
Prokes Jangan Kendor
https://t.co/0VLYBDJoJl",kepala bin bicara intelligent city ibu kota negara baru prokes jangan kendor
JaneMerah,2022-03-03,"Kepala BIN Bicara Intelligent City di Ibu Kota Negara Baru
Prokes Jangan Kendor
https://t.co/8e80GwQuV0",kepala bin bicara intelligent city ibu kota negara baru prokes jangan kendor
arif_rintang,2022-03-03,"Adapun nantinya sistem keamanan Ibu Kota Negara (IKN) baru dengan nama Nusantara akan berbasis internet. 
Sistem keamanan itu bersifat ""smart security"" yang dipadukan dengan perkembangan teknologi mumpuni, Hal ini dilakukan utk meningkatkan pelayanan. 

@Suharso_M @Jiwamudaindo",adapun nantinya sistem keamanan ibu kota negara ibu kota negara baru nama nusantara berbasis internet sistem keamanan bersifat smart security dipadukan perkembangan teknologi mumpuni dilakukan utk meningkatkan pelayanan
Monalatu1,2022-03-02,"Kepala BIN Bicara Intelligent City di Ibu Kota Negara Baru
https://t.co/Rbq5eZ9COp

Prokes Jangan Kendor",kepala bin bicara intelligent city ibu kota negara baru prokes jangan kendor
MediaNasional1,2022-03-02,Bupati Nias Dukung Ibu Kota Negara (IKN)¬†Baru https://t.co/L7rLuaVmRk,bupati nias dukung ibu kota negara ibu kota negara baru
Mahdiar85505384,2022-03-02,"Dalam hal ini Dedi memastikan tiap tiap personel anggota polri bersedia ditugaskan di mana saja oleh pimpinan, dan tidak ada personel Polri yang menolak ditugaskan Ibu Kota Negara (IKN) baru seperti yang disinggung oleh presiden.¬† https://t.co/tLZnYw31iF",dedi memastikan tiap tiap personel anggota polri bersedia ditugaskan mana pimpinan personel polri menolak ditugaskan ibu kota negara ibu kota negara baru disinggung presiden
haibundacom,2022-03-02,"Besaran tunjangan Pegawai Negeri Sipil (PNS) yang akan pindah ke Ibu Kota Negara (IKN) baru kabarnya bakal berubah menyesuaikan kebutuhan di sana, Bunda. https://t.co/mS0pRvcGPK",besaran tunjangan pegawai negeri sipil pns pindah ibu kota negara ibu kota negara baru kabarnya bakal berubah menyesuaikan kebutuhan sana bunda
langityang7,2022-03-02,"üí¢Kenapa Ibu Kota Baru di Kalimantan üí¢

Ada 6 alasan kenapa Ibukota Negara Baru pindah ke Kalimantan :

1. Penduduk Indonesia üáÆüá© yg tinggal di pulau Jawa sudah terlalu padat.
Pada th 2015 sekitar  56,56% atau 150,18 juta jiwa penduduk tinggal dipulau

@Suharso_M @Jiwamudaindo https://t.co/smMGeNwhAr",ibu kota baru kalimantan alasan ibu kota negara baru pindah kalimantan penduduk indonesia tinggal pulau jawa terlalu padat th juta jiwa penduduk tinggal dipulau
arif_rintang,2022-03-02,"Perpindahan Ibu Kota Negara ke Kalimantan trdengar sampai negeri tetangga (Malaysia). 
Kalimantan sebagai Ibu kota Indonesia yg baru akan lbh sering didengar, diberitakan&amp;dikaitkan dgn Indonesia sehingga akn lebih populer dimata dunia bahwa Kalimantan adh Indonesia

@Suharso_M https://t.co/cQTjK76bN4",perpindahan ibu kota negara kalimantan trdengar negeri tetangga malaysia kalimantan ibu kota indonesia baru lbh sering didengar diberitakan amp dikaitkan dgn indonesia lebih populer dimata dunia kalimantan adh indonesia
wadulanjim,2022-03-02,"Mari bersama kita dukung pembangunan ibu kota baru, perpindahan ibu kota baru akan mendorong pertumbuhan ekonomi negara dan daerah https://t.co/LKz9V0OY9O",bersama dukung pembangunan ibu kota baru perpindahan ibu kota baru mendorong pertumbuhan ekonomi negara daerah
MrWiseMan2020,2022-03-02,"ujar Presiden dalam sambutannya pada Program Beranda Nusantara Menuju Ibu Kota Negara Baru yang disiarkan di Radio Republik Indonesia, sebagaimana ditayangkan YouTube Sekretariat Presiden, pada Rabu, 23 Februari 2022.
@jokowi https://t.co/XpwoD9tQZ5",ujar presiden sambutannya program beranda nusantara menuju ibu kota negara baru disiarkan radio republik indonesia sebagaimana ditayangkan youtube sekretariat presiden rabu februari
terkinidotid,2022-03-02,"Banyak ASN Enggan Pindah ke IKN dan Pilih Jadi PNS di Jakarta, Begini Tanggapan Anies Baswedan: Aparatur Sipil Negara (ASN) dikabarkan tidak ingin pindah ke Ibu Kota Negara baru. https://t.co/Wg6mnZCUVF #News #asn #pindahkeikn",banyak asn enggan pindah ibu kota negara pilih jadi pns jakarta begini tanggapan anies baswedan aparatur sipil negara asn dikabarkan pindah ibu kota negara baru news asn pindahkeikn
pelitabangsa45,2022-03-02,"Kenapa Ibu Kota Negara Baru di Kalimantan ?
Berikut penjelasan dr mantan Menteri PPN, Bambang Brodjonegoro

Jadi ada 3 opsi yg diajukan :

1. Tetap di jakarta tp membangun government district
2. Pindah tdk jauh dr Jakarta
3. Pindah keluar Jawa

@Suharso_M 
@Jiwamudaindo https://t.co/A2KoHwQAIF",ibu kota negara baru kalimantan berikut penjelasan dr mantan menteri ppn bambang brodjonegoro jadi opsi diajukan tetap jakarta tp membangun government district pindah jauh dr jakarta pindah keluar jawa
ary_moto,2022-03-02,"Undang-Undang ttg Ibu Kota Negara (UU IKN) akan menjadi dasar pembangunan IKN di Kalimantan Timur. Menteri PPN/Kepala Bappenas Suharso Monoarfa mengatakan, pembangunan IKN yang mengusung ‚ÄúKota Dunia u/ Semua‚Äù tsb mjd awal peradaban baru bagi Indonesia.

https://t.co/PQlMcV97bp",undang undang ttg ibu kota negara uu ibu kota negara menjadi dasar pembangunan ibu kota negara kalimantan timur menteri ppn kepala bappenas suharso monoarfa mengatakan pembangunan ibu kota negara mengusung kota dunia semua tersebut menjadi awal peradaban baru indonesia
MinakMegaow,2022-03-02,"https://t.co/r8CxK3LVjy
Bendungan Sepaku Semoi yang berada di Desa Tengin Baru,untuk mendukung kebutuhan air baku di kawasan Ibu Kota Negara (IKN) Nusantara serta Balikpapan, juga untuk mereduksi datangnya banjir.

Jokowi Gas Pol Infrastruktur https://t.co/x6eL4Sa9zb",bendungan sepaku semoi berada desa tengin baru mendukung kebutuhan air baku kawasan ibu kota negara ibu kota negara nusantara balikpapan mereduksi datangnya banjir jokowi gas pol infrastruktur
ary_moto,2022-03-02,"PUPR membangun Bendungan Sepaku Semoi yang berada di Desa Tengin Baru, Kaltim. Pembangunan bendungan ini, selain untuk mendukung kebutuhan air baku di kawasan Ibu Kota Negara (IKN) Nusantara serta Balikpapan, juga untuk mereduksi datangnya banjir.

https://t.co/U0kZamHhRl",pupr membangun bendungan sepaku semoi berada desa tengin baru kaltim pembangunan bendungan mendukung kebutuhan air baku kawasan ibu kota negara ibu kota negara nusantara balikpapan mereduksi datangnya banjir
aiiptu,2022-03-02,"üåü Kenapa Ibu Kota Baru Di Kalimantan

Menteri PPN/Bappenas Bambang Brodjonegoro Periode 27 Juli 2016 s/d 20 Oktober 2019 menjelaskan berdasarkan kajian yang telah dilakukan, pihaknya telah memetakan tiga opsi terkait rencana pemindahan ibu kota negara.

@Suharso_M  @Jiwamudaindo https://t.co/qvt7vcuNf3",ibu kota baru kalimantan menteri ppn bappenas bambang brodjonegoro periode juli s d oktober menjelaskan berdasarkan kajian dilakukan pihaknya memetakan tiga opsi terkait rencana pemindahan ibu kota negara
BelajarGeologi,2022-03-02,Apakah Lokasi Ibukota baru aman dari bencana geologi?? https://t.co/SlBzwJe82w,lokasi ibu kota baru aman bencana geologi
hoax_bukan,2022-03-02,"Gubernur DKI Jakarta Anies Baswedan menanggapi isu banyaknya PNS enggan dipindah ke ibu kota negara baru dan ingin menjadi PNS DKI Jakarta.

Klo ngak mau ya Pecat aja.Usman kasong ini lontong  https://t.co/GgBX4twmtE",gubernur dki jakarta anies baswedan menanggapi isu banyaknya pns enggan dipindah ibu kota negara baru menjadi pns dki jakarta klo ngak mau pecat usman kasong lontong
jtvnewscom,2022-03-02,Presiden Joko Widodo mengajak generasi muda untuk pindah dan menetap di Ibu Kota Negara (IKN) baru di Kalimantan Timur. Jokowi juga menawarkan insentif bagi anak muda yang bekerja di IKN. https://t.co/fqrAa8ZPwS,presiden joko widodo mengajak generasi muda pindah menetap ibu kota negara ibu kota negara baru kalimantan timur jokowi menawarkan insentif anak muda bekerja ibu kota negara
_Kemuning_senja,2022-03-02,"@Jul3aRhma3 Masyarakat Diminta Kawal Terus Pemindahan Ibu Kota Negara Baru

https://t.co/wQkWCqB7Ok

#HargaMahal_RezimBebal 
#HargaMahal_RezimBebal",masyarakat diminta kawal terus pemindahan ibu kota negara baru hargamahal rezimbebal hargamahal rezimbebal
CitraPurnama92,2022-03-02,Stop Propaganda Penolakan Ibu Kota Negara Baru https://t.co/YeW8apyntH,stop propaganda penolakan ibu kota negara baru
MongabayID,2022-03-02,Pesisir Ibu Kota Negara Baru Dijanjikan Akan Berkelanjutan https://t.co/wBbYibCa5u,pesisir ibu kota negara baru dijanjikan berkelanjutan
TribunLombokcom,2022-03-02,"Presiden Joko Widodo geram dengan adanya anggota TNI/Polri¬†yang berbicara soal ketidaksukaan terhadap kebijakan¬†pemindahan ibu kota¬†negara di Grup WA.

#Jokowi #JokoWidodo #TNI #Polri #IKN #IbuKotaBaru #WAG

https://t.co/lNroy1GGe3",presiden joko widodo geram adanya anggota tni polri berbicara soal ketidaksukaan kebijakan pemindahan ibu kota negara grup whatsapp jokowi jokowidodo tni polri ibu kota negara ibukotabaru whatsapp group
voidotid,2022-03-02,Pimpinan TNI Angkatan Darat berencana membentuk satuan-satuan setingkat Komando Distrik Militer (Kodim) di lokasi ibu kota negara (IKN) baru di Kalimantan Timur. https://t.co/GqsHN6j0BO,pimpinan tni angkatan darat berencana membentuk satuan satuan setingkat komando distrik militer kodim lokasi ibu kota negara ibu kota negara baru kalimantan timur
KerjaHasil_id,2022-03-02,"Mantan Kepala Badan Perencanaan Pembangunan Nasional Andrinof Chaniago menyebut ibu kota negara (IKN) di Kalimantan menjadi mesin baru perjalanan panjang bagi Republik Indonesia.

ùóùùóºùó∏ùóºùòÑùó∂ ùóöùóÆùòÄ ùó£ùóºùóπ ùóúùóªùó≥ùóøùóÆùòÄùòÅùóøùòÇùó∏ùòÅùòÇùóø https://t.co/ujm0aNvnow",mantan kepala badan perencanaan pembangunan nasional andrinof chaniago menyebut ibu kota negara ibu kota negara kalimantan menjadi mesin baru perjalanan panjang republik indonesia
azkadotid,2022-03-02,"Tak Ada Alasan ASN Tolak Pindah ke Ibu Kota Negara Baru, Menteri Tjahjo: Hukumnya Adalah¬†Wajib! https://t.co/b8eYr2dTd0",tak alasan asn tolak pindah ibu kota negara baru menteri tjahjo hukumnya wajib
anggita_ayu27,2022-03-02,"Pernyataan dukungan Ibu kota negara baru di Kaltim
#IbukotaNegara
#IKN
#SemangatNusantara https://t.co/VMl5d82wTt",pernyataan dukungan ibu kota negara baru kaltim ibu kota negara ibu kota negara semangat nusantara
WeAre_GARUDA,2022-03-02,"Indonesia Sentris.. 
Terwujudkan
Dgn pemindahan ibukota baru 
IKN

@PlateJohnny 
@kemkominfo 

https://t.co/pf8hez3crI",indonesia sentris terwujudkan dgn pemindahan ibu kota baru ibu kota negara
Beritasatu,2022-03-02,"Kementerian PANRB masih mematangkan skenario pemindahan ASN ke Ibu Kota Negara (IKN) baru.

Selengkapnya: üëá #ASN https://t.co/YogOOq757p",kementerian panrb mematangkan skenario pemindahan asn ibu kota negara ibu kota negara baru selengkapnya asn
dinodachi03,2022-03-02,"@AcehSelatanSatu @PurwokoYusup UDAHLAH WOYYYYYY @jokowi !!!!!!!!!!! KALAU TERJADI BENCANA DI IBU KOTA NEGARA BARU DI KALIMANTAN, LEBIH BAIK LO MENYERAH AJA !!!!!!!!!!!!",udahlah woyyyyyy kalau terjadi bencana ibu kota negara baru kalimantan lebih baik lo menyerah
kaukutangkap_,2022-03-02,Kalimantan Timur dinilai menjadi lokasi tepat untuk menjadi IBU KOTA NEGARA baru karena minimnya potensi bencana alam yg terjadi di sana https://t.co/DhmjjRXx3k,kalimantan timur dinilai menjadi lokasi tepat menjadi ibu kota negara baru minimnya potensi bencana alam terjadi sana
MonitorJadul,2022-03-02,Siapapun jangan terprovokasi dengan kelompok-kelompok yang menolak Ibu Kota Negara baru. Gerakan Disiplin Masker https://t.co/xXKdCvLodF,siapapun jangan terprovokasi kelompok kelompok menolak ibu kota negara baru gerakan disiplin masker
BeritaNew3,2022-03-02,"Jangan terprovokasi penolakan ibu kota negara baru
Gerakan Disiplin Masker https://t.co/4S7CMGMZqf",jangan terprovokasi penolakan ibu kota negara baru gerakan disiplin masker
DandiHandoko,2022-03-02,Mari kita dukung pemindahan Ibu Kota Negara yang baru demi pemerataan pembangunan di seluruh Indonesia. Gerakan Disiplin Masker https://t.co/9Ud5hdSLHT,dukung pemindahan ibu kota negara baru pemerataan pembangunan seluruh indonesia gerakan disiplin masker
DandiHandoko,2022-03-02,Mari kita dukung pemindahan Ibu Kota Negara yang baru demi pemerataan pembangunan di seluruh Indonesia. Gerakan Disiplin Masker https://t.co/Oe1CyNftqr,dukung pemindahan ibu kota negara baru pemerataan pembangunan seluruh indonesia gerakan disiplin masker
DandiHandoko,2022-03-02,Mari kita dukung pemindahan Ibu Kota Negara yang baru demi pemerataan pembangunan di seluruh Indonesia. Gerakan Disiplin Masker https://t.co/B5zEbUryBn,dukung pemindahan ibu kota negara baru pemerataan pembangunan seluruh indonesia gerakan disiplin masker
DandiHandoko,2022-03-02,Mari kita dukung pemindahan Ibu Kota Negara yang baru demi pemerataan pembangunan di seluruh Indonesia. Gerakan Disiplin Masker https://t.co/tkcMj6fpM0,dukung pemindahan ibu kota negara baru pemerataan pembangunan seluruh indonesia gerakan disiplin masker
SaniaNurRahma1,2022-03-02,Jangan percaya kaum menyesatkan! Ibu Kota Negara yang baru menjadi kepentingan masa depan bangsa dan akan menjadi sejarah serta ikon baru Indonesia. Gerakan Disiplin Masker https://t.co/kwKDAV1VYD,jangan percaya kaum menyesatkan ibu kota negara baru menjadi kepentingan masa depan bangsa menjadi sejarah ikon baru indonesia gerakan disiplin masker
SaniaNurRahma1,2022-03-02,Jangan percaya kaum menyesatkan! Ibu Kota Negara yang baru menjadi kepentingan masa depan bangsa dan akan menjadi sejarah serta ikon baru Indonesia. Gerakan Disiplin Masker https://t.co/DF3Gw6bdhF,jangan percaya kaum menyesatkan ibu kota negara baru menjadi kepentingan masa depan bangsa menjadi sejarah ikon baru indonesia gerakan disiplin masker
SaniaNurRahma1,2022-03-02,Jangan percaya kaum menyesatkan! Ibu Kota Negara yang baru menjadi kepentingan masa depan bangsa dan akan menjadi sejarah serta ikon baru Indonesia. Gerakan Disiplin Masker https://t.co/c459xKitIP,jangan percaya kaum menyesatkan ibu kota negara baru menjadi kepentingan masa depan bangsa menjadi sejarah ikon baru indonesia gerakan disiplin masker
SaniaNurRahma1,2022-03-02,Jangan percaya kaum menyesatkan! Ibu Kota Negara yang baru menjadi kepentingan masa depan bangsa dan akan menjadi sejarah serta ikon baru Indonesia. Gerakan Disiplin Masker https://t.co/4ikLUY3dpq,jangan percaya kaum menyesatkan ibu kota negara baru menjadi kepentingan masa depan bangsa menjadi sejarah ikon baru indonesia gerakan disiplin masker
SlametM0202,2022-03-02,"@CNNIndonesia Hidup tidak ada sempurna tapi tujuan negara memindahkan ibu kota itu adalah tujuan untuk menuju Indonesia baru kenapa dimasalahkan .
Negara yg punya hajat untuk.masa depan bangsa , kenapa tdk dukung tapi selalu korek kesalahan , ini selalu yg terjadi",hidup sempurna tujuan negara memindahkan ibu kota tujuan menuju indonesia baru dimasalahkan negara punya hajat masa depan bangsa dukung selalu korek kesalahan selalu terjadi
forjakeu,2022-03-02,"Dialog Pemindahan Ibu Kota Negara Baru sudah beberapa kali di lakukan bahkan melibatkan beberapa elemen Masyarakat,

Bagaimana bisa ada Statement mengatakan bahwa Dialog Pemindahan IKN belum pernah di lakukan secara Masif..!!

Yuk kita sama sama simak video di bawah ini.. üòÅ https://t.co/grjlUkPIQ8",dialog pemindahan ibu kota negara baru beberapa kali lakukan bahkan melibatkan beberapa elemen masyarakat bagaimana statement mengatakan dialog pemindahan ibu kota negara pernah lakukan masif yuk sama sama simak video bawah
bersihkan_indo,2022-03-02,"Alasan pemindahan ibu kota negara baru, 
menghindari bencana untuk mendatangi bencana baru. https://t.co/aNrEoxAti6",alasan pemindahan ibu kota negara baru menghindari bencana mendatangi bencana baru
chinta_chintata,2022-03-02,"Seperti nya, Dialog Pemindahan Ibu Kota Negara Baru telah beberapa kali di lakukan ü§£..
Bagaimana bisa ada Statement seperti ini.. !!

Ayo ACH,.. disimak siapa tahu lupa atau memang tidak pernah tahu, sini yuk di kasih tahu.

Simak ya BESTie.. üòÅ https://t.co/xXd9EokoYT",nya dialog pemindahan ibu kota negara baru beberapa kali lakukan bagaimana statement ayo ach disimak siapa tahu lupa memang pernah tahu sini yuk kasih tahu simak bestie
Istanadaging,2022-03-02,"@republikaonline @msaid_didu Ngga penting ini, yang penring itu Ibu kota negara baru....",ngga penting penring ibu kota negara baru
Agathis08685249,2022-03-01,"Semoga apa yang direncanakan pemerintah berjalan lancar termasuk pemilu 2024, n konsisten #TolakPenundaanPemilu
 #TolakPenundaanPemilu
Sbg rakyat memohon kiranya pemerintah tidak lagi menambah utang negara, negeri ini kaya kok.
https://t.co/atbeDwWSKo",semoga apa direncanakan pemerintah berjalan lancar termasuk pemilu n konsisten tolakpenundaanpemilu tolakpenundaanpemilu sbg rakyat memohon kiranya pemerintah menambah utang negara negeri kaya kok
kentung_mbah,2022-03-01,"Undang-Undang tentang Ibu Kota Negara akan menjadi dasar pembangunan IKN di Kalimantan Timur. Menteri PPN/Kepala Bappenas Suharso Monoarfa mengatakan, pembangunan IKN yg mengusung ‚ÄúKota Dunia untuk Semua‚Äù tersebut menjadi awal peradaban baru bagi Indonesia
https://t.co/npWl1d4dEI",undang undang ibu kota negara menjadi dasar pembangunan ibu kota negara kalimantan timur menteri ppn kepala bappenas suharso monoarfa mengatakan pembangunan ibu kota negara mengusung kota dunia semua tersebut menjadi awal peradaban baru indonesia
jprabo,2022-03-01,@CNNIndonesia Persiapan ibu kota negara baru...,persiapan ibu kota negara baru
MRidwan11390761,2022-03-01,"@tempodotco Ngapai bingung banyak calon ASN yg siap otw ke ibu kota baru...yg gak nurut aturan negara ya siap"" nanggung resiko dong...ber negara kok se enak udel nya....

Indonesia gak butuh pembangkang..
Silakan mundur teratur klo mau bikin aturan sendiri...beres gitu aja kok repot",ngapai bingung banyak calon asn siap otw ibu kota baru gak nurut aturan negara siap nanggung resiko dong ber negara kok se enak udel nya indonesia gak butuh pembangkang silakan mundur teratur klo mau bikin aturan sendiri beres gitu kok repot
SaifuddinSay,2022-03-01,"@bangZhack86 @Gojekmilitan Sudah diingatkan... 

https://t.co/Oc75nbCF7T",diingatkan
mediaindonesia,2022-03-01,"DALAM Rapat Pimpinan (Rapim) TNI-Polri, Ketua DPR Dr (HC) Puan Maharani menyinggung soal pembangunan ibu kota negara (IKN) baru di Kalimantan Timur. Ia menyampaikan usulnya mengenai lokasi Mabes TNI dan Mabes Polri di IKN Nusantara.

Sumber: https://t.co/6gZZZppWPZ",rapat pimpinan rapim tni polri ketua dpr dr hc puan maharani menyinggung soal pembangunan ibu kota negara ibu kota negara baru kalimantan timur menyampaikan usulnya mengenai lokasi mabes tni mabes polri ibu kota negara nusantara sumber
PaterStellae,2022-03-01,"@catuaries (maksa) Bikin ibu kota baru
Fanatik
Pengen mensentralisasi semua kekuasaan negara
Mengesampingkan pemuka agama demi agama baru
Bikin bangkrut negara
Ibu kota negara barunya fail abis
Payah soal diplomasi sama negara2 tetangga
Pake anak dan istri buat propaganda",maksa bikin ibu kota baru fanatik pengen mensentralisasi semua kekuasaan negara mengesampingkan pemuka agama agama baru bikin bangkrut negara ibu kota negara barunya fail abis payah soal diplomasi sama negara tetangga pake anak istri buat propaganda
KharismaSang,2022-03-01,"Undang-Undang tentang Ibu Kota Negara akan menjadi dasar pembangunan IKN di Kalimantan Timur. Menteri PPN/Kepala Bappenas Suharso Monoarfa mengatakan, pembangunan IKN yg mengusung ‚ÄúKota Dunia untuk Semua‚Äù tersebut menjadi awal peradaban baru bagi Indonesia
https://t.co/HTpCXHKbnd",undang undang ibu kota negara menjadi dasar pembangunan ibu kota negara kalimantan timur menteri ppn kepala bappenas suharso monoarfa mengatakan pembangunan ibu kota negara mengusung kota dunia semua tersebut menjadi awal peradaban baru indonesia
alvan3371_alvan,2022-03-01,"@geloraco Sepertinya negara ini butuh uang demi mensukseskan pembangunan ibu kota baru, makanya segala nya dinaikan",sepertinya negara butuh uang mensukseskan pembangunan ibu kota baru makanya segala nya dinaikan
idntimes,2022-03-01,Ada wisata alam hingga budaya https://t.co/qZca4VRbwl,wisata alam hingga budaya
OfficialiNewsTV,2022-03-01,"Presiden Joko Widodo (Jokowi) menegaskan kepastian pemindahan Ibu Kota Negara (IKN) baru. Dia meminta tidak ada lagi percakapan penolakan IKN dalam WhatsApp Grup di kalangan TNI-Polri. PAA

#IKN #Jokowi #TNIPolri #TNI #Polri #Indonesia #WhatsApp #iNewsSore #iNews https://t.co/6kHgd4ZpJ8",presiden joko widodo jokowi menegaskan kepastian pemindahan ibu kota negara ibu kota negara baru meminta percakapan penolakan ibu kota negara whatsapp grup kalangan tni polri paa ibu kota negara jokowi tnipolri tni polri indonesia whatsapp inewssore inews
serambinews,2022-03-01,"Menteri Pendayagunaan Aparatur Negara dan Reformasi Birokasi menegaskan aparatur sipil negara (ASN) harus siap dipindahkan ke Ibu Kota Negara (IKN) Nusantara.

https://t.co/gqiRnL8Nyz",menteri pendayagunaan aparatur negara reformasi birokasi menegaskan aparatur sipil negara asn siap dipindahkan ibu kota negara ibu kota negara nusantara
SydneyX5w,2022-03-01,"https://t.co/doOl2ae2y7

Pemindahan Ibu Kota Negara, Kominfo: Menuju Indonesia Sentris

IKN Baru menuju Indonesia sentris dan tak lagi Jawa sentris.
Narasi utama yang perlu secara konsisten ditegaskan adalah mengapa kita mesti pindah
@PlateJohnny 
@kemkominfo",pemindahan ibu kota negara kominfo menuju indonesia sentris ibu kota negara baru menuju indonesia sentris tak jawa sentris narasi utama perlu konsisten ditegaskan mesti pindah
detikfinance,2022-03-01,Rumah dinas jadi salah satu fasilitas bagi para abdi negara yang ikut pindah ke ibu kota negara (IKN) baru.  https://t.co/72HLmMd690,rumah dinas jadi salah satu fasilitas abdi negara ikut pindah ibu kota negara ibu kota negara baru
tribunkaltim,2022-03-01,"Gempa baru saja guncang Paser Kaltim, Ibu Kota Negara baru tak sepenuhnya aman dari gempa?
https://t.co/mynLvjEC9S
#Gempa #paser #ibukota #IKN #iknbarunusantara #BeritaTerkini",gempa baru guncang paser kaltim ibu kota negara baru tak sepenuhnya aman gempa gempa paser ibu kota ibu kota negara iknbarunusantara beritaterkini
spmedia_jbg,2022-03-01,"Presiden RI, Joko Widodo menetapkan Ibu Kota Negara (IKN) baru di Kalimantan Timur. Proses pemindahan ditargetkan bertahap mulai 2024. https://t.co/KtUQItQF0x",presiden ri joko widodo menetapkan ibu kota negara ibu kota negara baru kalimantan timur proses pemindahan ditargetkan bertahap mulai
hariankompas,2022-03-01,"Sebagai pusat pertumbuhan baru, IKN menjadi afirmasi dimulainya hegemoni baru sebagai penyeimbang Jawa dan penyelaras Nusantara. Keselarasan pembangunan pada matra darat dan laut akan membuahkan keseimbangan pembangunan. #Opini #AdadiKompas

https://t.co/i3CYaKCe3a",pusat pertumbuhan baru ibu kota negara menjadi afirmasi dimulainya hegemoni baru penyeimbang jawa penyelaras nusantara keselarasan pembangunan matra darat laut membuahkan keseimbangan pembangunan opini adadikompas
AbdinipunGusti,2022-03-01,"ibu kota negara baru akan membuat koloni baru, akankah berhasil menguasai republik ini para oligarki ?",ibu kota negara baru membuat koloni baru akankah berhasil menguasai republik oligarki
OOpposih,2022-03-01,"Mahasiswa Sekolah Tinggi Agama Islam Balikpapan menyampaikan mendukung penuh pemindahan ibu kota negara baru ke Kalimantan
#IbukotaNegara
#IKN
#SemangatNusantara https://t.co/pYrXcQyuS4",mahasiswa sekolah tinggi agama islam balikpapan menyampaikan mendukung penuh pemindahan ibu kota negara baru kalimantan ibu kota negara ibu kota negara semangat nusantara
arifarianto474,2022-03-01,"Banyak yang setuju atas pemindahan ibu kota negara baru

#IbukotaNegara
#IKN
#SemangatNusantara https://t.co/NhR0hnQXJy",banyak setuju atas pemindahan ibu kota negara baru ibu kota negara ibu kota negara semangat nusantara
spmedia_jbg,2022-03-01,"Presiden RI, Joko Widodo menetapkan Ibu Kota Negara (IKN) baru di Kalimantan Timur. Proses pemindahan ditargetkan bertahap mulai 2024. https://t.co/xbYhGy60Ke",presiden ri joko widodo menetapkan ibu kota negara ibu kota negara baru kalimantan timur proses pemindahan ditargetkan bertahap mulai
DKembalu,2022-03-01,"Pemindahan Ibu Kota Negara (IKN) dari Jakarta ke Kalimantan Timur akan segera dilakukan. Namun, mengapa ibu kota negara harus pindah ke tempat yang baru? Cek berikut https://t.co/SoAsQSh1XZ",pemindahan ibu kota negara ibu kota negara jakarta kalimantan timur segera dilakukan ibu kota negara pindah tempat baru cek berikut
Ardiesuhardi1,2022-03-01,"@karyawantree @CintaNirmala2 @Sumanto59653397 @Jokerdanbadut @OmegaF1998 @hareypoco @DedekLagiAjaa @FR33D0ML4ND @KangUtang04 @FreeStranger22 @Sangkuriang5551 @OdriSeva @Jaya52102315 @4nw4r__84 @SanusiUndins @zulhamkenzo @boco_aluih_ang @momocimol 65%  DIALOKASIKAN ke. SUN

JHT ditarik semua, ibu kota  negara baru batal dibangun

#SaatnyaRezimJokowiTurun 
#SaatnyaRezimJokowiTurun",dialokasikan sun jht ditarik semua ibu kota negara baru batal dibangun saatnyarezimjokowiturun saatnyarezimjokowiturun
HarianKicau,2022-03-01,"Nah kan, kelompok yang sudah dibubarkan pemerintah ini masih aja buat ulah. Kali ini mereka memprovokasi masyarakat untuk menolakn pemindahan Ibu Kota Negara baru. Prokes Basmi Pandemi https://t.co/wPrTTo04gc",nah kan kelompok dibubarkan pemerintah buat ulah kali memprovokasi masyarakat menolakn pemindahan ibu kota negara baru prokes basmi pandemi
DandiHandoko,2022-03-01,Pembangunan Ibu Kota Negara yang baru merupakan bagian dari transformasi ekonomi yang akan bermanfaat bagi Indonesia. Prokes Basmi Pandemi https://t.co/iTNCZNxisf,pembangunan ibu kota negara baru merupakan bagian transformasi ekonomi bermanfaat indonesia prokes basmi pandemi
DandiHandoko,2022-03-01,Pembangunan Ibu Kota Negara yang baru merupakan bagian dari transformasi ekonomi yang akan bermanfaat bagi Indonesia. Prokes Basmi Pandemi https://t.co/8PIw9An3x9,pembangunan ibu kota negara baru merupakan bagian transformasi ekonomi bermanfaat indonesia prokes basmi pandemi
DandiHandoko,2022-03-01,Pembangunan Ibu Kota Negara yang baru merupakan bagian dari transformasi ekonomi yang akan bermanfaat bagi Indonesia. Prokes Basmi Pandemi https://t.co/LtQ5x2bGaT,pembangunan ibu kota negara baru merupakan bagian transformasi ekonomi bermanfaat indonesia prokes basmi pandemi
DandiHandoko,2022-03-01,Pembangunan Ibu Kota Negara yang baru merupakan bagian dari transformasi ekonomi yang akan bermanfaat bagi Indonesia. Prokes Basmi Pandemi https://t.co/jeuP88GCYw,pembangunan ibu kota negara baru merupakan bagian transformasi ekonomi bermanfaat indonesia prokes basmi pandemi
Radar_Cirebon,2022-03-01,"JAKARTA ‚Äì Untuk menjalankan roda pemerintahan di Ibu Kota Negara (IKN) yang baru nanti, dibutuhkan sejumlah Pegawai Negeri Sipil (PNS). Hal ini https://t.co/eplyPvKjnd",jakarta menjalankan roda pemerintahan ibu kota negara ibu kota negara baru dibutuhkan sejumlah pegawai negeri sipil pns
lawjusticeco,2022-03-01,Ternyata Banyak PNS Enggan Dipindahkan ke Ibu Kota Negara Baru https://t.co/JWs8MHwXdt,ternyata banyak pns enggan dipindahkan ibu kota negara baru
23yanuar23,2022-03-01,@mazzini_gsp Depok cocok jadi Ibu Kota Negara yang baru..,depok cocok jadi ibu kota negara baru
ErniFahima,2022-03-01,"Ulama Aswaja Blitar Tak Gentar Tolak UU IKN

Luar biasa! Ulama pun memahami hakikat dibalik pemindahan Ibu Kota Negara Baru. Ditengarai UU IKN yang disahkan penuh dengan kedzaliman dan berpihak kepada oligarki. Selengkapnya di
https://t.co/GDteSz33Dw

https://t.co/TxrLv2FIzy",ulama aswaja blitar tak gentar tolak uu ibu kota negara luar biasa ulama memahami hakikat dibalik pemindahan ibu kota negara baru ditengarai uu ibu kota negara disahkan penuh kedzaliman berpihak oligarki selengkapnya
Efendi16133163,2022-02-28,"air hujan dialirkan masuk ke tanah"" ala¬†Anies Baswedan¬†justru akan diterapkan di Ibu Kota Negara (IKN) baru.",air hujan dialirkan masuk tanah ala anies baswedan justru diterapkan ibu kota negara ibu kota negara baru
Solikin96531960,2022-02-28,@pakmul63 Lakukan pemilu sesuai jadwalnya dan batalkan ibu kota negara yang baru.,lakukan pemilu sesuai jadwalnya batalkan ibu kota negara baru
mechhbbyy,2022-02-28,Generasi muda punya harapan besar pada pembangunan ibu kota negara baru (IKN) harus terlibat jangan hanya jadi penonton #SemangatPemulihanNKRI https://t.co/uTv3u9YaID,generasi muda punya harapan besar pembangunan ibu kota negara baru ibu kota negara terlibat jangan jadi penonton semangatpemulihannkri
pontianaktv,2022-02-28,"Ormas Dayak se-Kalimantan, mendukung pembangunan ibu kota negara (IKN) yang baru, dengan tetap menjaga adat istiadat dan kearifan lokal. Bahkan mereka menyatakan diri menolak upaya-upaya penggagalan pembangunan IKN https://t.co/sku1z0BoTH https://t.co/o5EY510IJ3",ormas dayak se kalimantan mendukung pembangunan ibu kota negara ibu kota negara baru tetap menjaga adat istiadat kearifan lokal bahkan menyatakan diri menolak upaya upaya penggagalan pembangunan ibu kota negara
BolangPerjuang1,2022-02-28,"Pemindahan Ibu Kota Negara merupakan sejarah baru bagi Indonesia

#IKN https://t.co/6HouDFLBnt",pemindahan ibu kota negara merupakan sejarah baru indonesia ibu kota negara
terkinidotid,2022-02-28,"Banyak ASN Ogah Pindah ke IKN Baru, Tokoh Adat Dayak Kalteng: Kalau Tak Mau, Syukur! Kita yang Ngisi Jabatan!: Tak dimungkiri bahwasanya rencana pemindahan Ibu Kota Negara (IKN) baru cukup‚Ä¶ https://t.co/xLmhsC3Q2D #News #TokohadatdayakKalteng #BanyakASNogahpindahkeIKnbaru",banyak asn ogah pindah ibu kota negara baru tokoh adat dayak kalteng kalau tak mau syukur ngisi jabatan tak dimungkiri bahwasanya rencana pemindahan ibu kota negara ibu kota negara baru cukup news tokohadatdayakkalteng banyakasnogahpindahkeiknbaru
detikfinance,2022-02-28,Ibu kota negara (IKN) bakal pindah dari awalnya di Jakarta ke Kalimantan. Pegawai Negeri Sipil (PNS) juga bakal ikut dipindahkan ke IKN. https://t.co/1KpIR5ZWIc,ibu kota negara ibu kota negara bakal pindah awalnya jakarta kalimantan pegawai negeri sipil pns bakal ikut dipindahkan ibu kota negara
JHaduw,2022-02-28,"BAPERA Dukung Pembangunan Ibu Kota Negara Baru (IKN)¬† Bersama Presiden Joko Widodo https://t.co/ow0gGtjMY7 

#JYPapologizetoATEEZ #MarvelSelcaDay #ÏóêÏù¥Ìã∞Ï¶à Rosie #ItsNotOverUntilItsOver 
#NCTDREAM_GlitchMode Prestasi Ganjar Baekho Allah SWT Muhammadiyah",bapera dukung pembangunan ibu kota negara baru ibu kota negara bersama presiden joko widodo jypapologizetoateez marvelselcaday rosie itsnotoveruntilitsover nctdream glitchmode prestasi ganjar baekho allah swt muhammadiyah
amurka_bali,2022-02-28,@Ars_sand Gpp yg penting punya ibu kota negara yg baru..,gpp penting punya ibu kota negara baru
JHaduw,2022-02-28,"BAPERA Dukung Pembangunan Ibu Kota Negara Baru (IKN)¬† Bersama Presiden Joko Widodo https://t.co/ow0gGtjMY7 

#ONGSEONGWU #BLACKPINK Nyepi Arifin Panigoro maknae #ÎßàÌÅ¨Î≤ÑÎ∏î 
Paris THANK YOU TWICE #JUSTICEFORATEEZ #STOPCOPYINGATEEZ",bapera dukung pembangunan ibu kota negara baru ibu kota negara bersama presiden joko widodo ongseongwu blackpink nyepi arifin panigoro maknae paris thank you twice justiceforateez stopcopyingateez
JHaduw,2022-02-28,"BAPERA Dukung Pembangunan Ibu Kota Negara Baru (IKN)¬† Bersama Presiden Joko Widodo https://t.co/ow0gGtjMY7 

BON VOYAGE JISOO OPEN PO Pledis Masjidil Haram
 Innalillahi namjoon Puncak Cimahi Azarine Chef",bapera dukung pembangunan ibu kota negara baru ibu kota negara bersama presiden joko widodo bon voyage jisoo open po pledis masjidil haram innalillahi namjoon puncak cimahi azarine chef
JHaduw,2022-02-28,"BAPERA Dukung Pembangunan Ibu Kota Negara Baru (IKN)¬† Bersama Presiden Joko Widodo https://t.co/ow0gGtjMY7 

rosie #JUSTICEFORATEEZ #JYPapologizetoATEEZ Allah SWT Masjidil Aqsa 
#NCTDREAM_GlitchMode THANK YOU TWICE Arifin Panigoro #ÏóêÏù¥Ìã∞Ï¶à Baekho",bapera dukung pembangunan ibu kota negara baru ibu kota negara bersama presiden joko widodo rosie justiceforateez jypapologizetoateez allah swt masjidil aqsa nctdream glitchmode thank you twice arifin panigoro baekho
bulan_semesta,2022-02-28,Rumah dinas jadi salah satu fasilitas bagi para abdi negara yang ikut pindah ke ibu kota negara (IKN) baru.  https://t.co/oOzl1bOMY6,rumah dinas jadi salah satu fasilitas abdi negara ikut pindah ibu kota negara ibu kota negara baru
WinJGR,2022-02-28,Rumah dinas jadi salah satu fasilitas bagi para abdi negara yang ikut pindah ke ibu kota negara (IKN) baru.  https://t.co/fqfub9ovja,rumah dinas jadi salah satu fasilitas abdi negara ikut pindah ibu kota negara ibu kota negara baru
detikcom,2022-02-28,Rumah dinas jadi salah satu fasilitas bagi para abdi negara yang ikut pindah ke ibu kota negara (IKN) baru.  https://t.co/NwGFRRQG0l,rumah dinas jadi salah satu fasilitas abdi negara ikut pindah ibu kota negara ibu kota negara baru
detikfinance,2022-02-28,Rumah dinas jadi salah satu fasilitas bagi para abdi negara yang ikut pindah ke ibu kota negara (IKN) baru.  https://t.co/HYK5lNsShn,rumah dinas jadi salah satu fasilitas abdi negara ikut pindah ibu kota negara ibu kota negara baru
Info_BPN,2022-02-28,Inilah Luas Wilayah Ibu Kota Negara Baru dan Konsep yang Diterapkan di IKN Nusantara - https://t.co/2hf7CgkWal https://t.co/aWjojfYUdK https://t.co/pi2B4mQWq8,inilah luas wilayah ibu kota negara baru konsep diterapkan ibu kota negara nusantara
OnoYasuki,2022-02-28,"Ibu kota negara baru Indonesia lebih maju

#IbukotaNegara
#IKN
#SemangatNusantara https://t.co/qq680znBPG",ibu kota negara baru indonesia lebih maju ibu kota negara ibu kota negara semangat nusantara
alfernado,2022-02-28,@detikfinance Apa iya akan ada ibu kota negara yg baru? Mending ke jonggol aja pindahnya.,apa iya ibu kota negara baru mending jonggol pindahnya
Radar_Cirebon,2022-02-28,"https://t.co/fEiZM12Lmm, PENAJAM ‚Äì Oknum dosen di Ibu Kota Negara Baru terbukti melakukan aksi cabul kepada siswi SMP. Hakim Pengadilan Negeri Penajam telah https://t.co/hUAJSji4aC",penajam oknum dosen ibu kota negara baru terbukti melakukan aksi cabul siswi smp hakim pengadilan negeri penajam
BayuAryoJatmik1,2022-02-28,Ayo kita dukung pemindahan Ibu Kota Negara baru #IbukotaNegara #IKN #SemangatNusantara #isramiraj https://t.co/BwIzMYmEGE,ayo dukung pemindahan ibu kota negara baru ibu kota negara ibu kota negara semangat nusantara isramiraj
RudiHar20445372,2022-02-28,"Kendaraan Swakemudi Akan Diterapkan di Ibu Kota Negara Baru, Begini Rancangan Sektor Transportasi https://t.co/k9eAUzNfAq",kendaraan swakemudi diterapkan ibu kota negara baru begini rancangan sektor transportasi
Kokoda73174999,2022-02-28,"@OposisiCerdas Alasannya, beban bangsa banyak karena covid, kurang dana untuk memutar roda perekonomian.
 Trus mau percayakan lanjut pada orang yg ngotot buat Ibu Kota Negara baru padahal katanya duit nggak ada buat pemilu?
Cacat fikir ini.",alasannya beban bangsa banyak covid kurang dana memutar roda perekonomian trus mau percayakan lanjut orang ngotot buat ibu kota negara baru padahal katanya duit buat pemilu cacat fikir
Eksia5,2022-02-28,"Ibu Kota Negara baru akan jadi superhub ekonomi, 6 klaster usaha ini penopangnya.
Masyarakat Taat Prokes https://t.co/PKsHs15fES",ibu kota negara baru jadi superhub ekonomi klaster usaha penopangnya masyarakat taat prokes
Eksia5,2022-02-28,"Pemindahan Ibu Kota Negara sejarah baru Indonesia.
Masyarakat Taat Prokes https://t.co/rurDHhyrJ6",pemindahan ibu kota negara sejarah baru indonesia masyarakat taat prokes
RirinArini22,2022-02-28,Masyarakat Taat Prokes Pemindahan Ibu Kota Negara Sejarah Baru Indonesia https://t.co/k9ZVQ0Q2B8,masyarakat taat prokes pemindahan ibu kota negara sejarah baru indonesia
AstridTri4,2022-02-28,Masyarakat Taat Prokes Pemindahan Ibu Kota Negara Sejarah Baru Indonesia https://t.co/IC99eHuX0V,masyarakat taat prokes pemindahan ibu kota negara sejarah baru indonesia
RioAbidin2,2022-02-28,Masyarakat Taat Prokes Pemindahan Ibu Kota Negara Sejarah Baru Indonesia https://t.co/tXTQGL4RB7,masyarakat taat prokes pemindahan ibu kota negara sejarah baru indonesia
SyahputraRomad1,2022-02-28,"@CandraI84 @DodyPratm4 Ibu Kota Negara Baru Akan Jadi Superhub Ekonomi, 6 Klaster Usaha Ini Penopangnya
Masyarakat Taat Prokes https://t.co/hq0R7F48M6",ibu kota negara baru jadi superhub ekonomi klaster usaha penopangnya masyarakat taat prokes
RadenSalatiga,2022-02-28,"Pemindahan Ibu Kota Negara merupakan  sejarah baru Indonesia.

Masyarakat Taat Prokes https://t.co/yTEP0C8UOW",pemindahan ibu kota negara merupakan sejarah baru indonesia masyarakat taat prokes
panjiakbarul,2022-02-28,"@KompasTV Setelah dibaca artikelnya saya pun prihatin ada banyak ujian dan cobaan untuk negara kita, hingga banyak penyesuaian apbd, but why maksa bikin ibu kota baru?",dibaca artikelnya prihatin banyak ujian cobaan negara hingga banyak penyesuaian apbd but why maksa bikin ibu kota baru
onhukoni,2022-02-28,Ibu Kota negara baru akan jadi superhub ekonomi. Masyarakat Taat Prokes https://t.co/yNByTXTfaa,ibu kota negara baru jadi superhub ekonomi masyarakat taat prokes
DoankKubi,2022-02-28,"Pemindahan Ibu Kota Negara sejarah baru Indonesia.

Masyarakat Taat Prokes https://t.co/L0EV8yvYPR",pemindahan ibu kota negara sejarah baru indonesia masyarakat taat prokes
GajahIndo4,2022-02-28,"Ibu Kota Negara Baru Akan Jadi Superhub Ekonomi, 6 Klaster Usaha ini Penopangnya
Masyarakat Taat Prokes https://t.co/g2hL1psU7v",ibu kota negara baru jadi superhub ekonomi klaster usaha penopangnya masyarakat taat prokes
IndahSe69326733,2022-02-28,"Ibu Kota Negara Baru Akan Jadi Superhub Ekonomi, 6 Klaster Usaha ini Penopangnya
Masyarakat Taat Prokes https://t.co/rBTNmf38cc",ibu kota negara baru jadi superhub ekonomi klaster usaha penopangnya masyarakat taat prokes
Emayant63176260,2022-02-28,Pemindahan Ibu Kota Negara sejarah baru Indonesia. Masyarakat Taat Prokes https://t.co/6Vu6eDcnjd,pemindahan ibu kota negara sejarah baru indonesia masyarakat taat prokes
Emayant63176260,2022-02-28,Ibu Kota negara baru akan jadi Superhub ekonomi Indonesia. Masyarakat Taat Prokes https://t.co/8pMIkhuQep,ibu kota negara baru jadi superhub ekonomi indonesia masyarakat taat prokes
Sherlyhits_,2022-02-28,"pemindahan ibu kota negara sejarah baru indonesia

Masyarakat Taat Prokes https://t.co/Y81nyUqsnd",pemindahan ibu kota negara sejarah baru indonesia masyarakat taat prokes
ghaitsa_kenang,2022-02-28,"Ibu Kota Negara Baru Akan Jadi Superhub Ekonomi, 6 Klaster Usaha ini Penopangnya
Masyarakat Taat Prokes https://t.co/CZdz8TJlbY",ibu kota negara baru jadi superhub ekonomi klaster usaha penopangnya masyarakat taat prokes
Naurakasih_,2022-02-28,"ibu kota negara baru akan jadi superhub ekonomi, 6 klaster usaha ini penopangnya

Masyarakat Taat Prokes https://t.co/tNEOM6zE76",ibu kota negara baru jadi superhub ekonomi klaster usaha penopangnya masyarakat taat prokes
RevanCovida,2022-02-28,"Ibu kota Negara Baru akan jadi Superhub ekonomi, 6 klaster usaha ini penopangnya.

Masyarakat Taat Prokes https://t.co/52et6IcGSa",ibu kota negara baru jadi superhub ekonomi klaster usaha penopangnya masyarakat taat prokes
Jefritokk,2022-02-28,"Pemindahan ibu kota negara sejarah baru Indonesia

Masyarakat Taat Prokes https://t.co/rpHphh18Ar",pemindahan ibu kota negara sejarah baru indonesia masyarakat taat prokes
Jefritokk,2022-02-28,"Ibu kota negara baru akan jadi super hub ekonomi, 6 cluster usaha ini adalah penopangnya

Masyarakat Taat Prokes https://t.co/Jzg02xqBlM",ibu kota negara baru jadi super hub ekonomi cluster usaha penopangnya masyarakat taat prokes
DinaCitra17,2022-02-28,"Pemindahan Ibu Kota Negara sejarah baru Indonesia, - Masyarakat Taat Prokes https://t.co/2hh1hlP9IT",pemindahan ibu kota negara sejarah baru indonesia masyarakat taat prokes
Indrian45484587,2022-02-28,"Ibu kota negara baru akan jadi super hub ekonomi 6 Cluster usaha ini penopangnya
Masyarakat Taat Prokes https://t.co/Wy9URrKfdQ",ibu kota negara baru jadi super hub ekonomi cluster usaha penopangnya masyarakat taat prokes
Indones48216902,2022-02-28,Pemindahan Ibu Kota Negara sejarah baru Indonesia. Masyarakat Taat Prokes https://t.co/mJ5d80mLn6,pemindahan ibu kota negara sejarah baru indonesia masyarakat taat prokes
DinaCitra17,2022-02-28,Pemindahan Ibu Kota Negara sejarah baru Indonesia - Masyarakat Taat Prokes https://t.co/1zmESXwviY,pemindahan ibu kota negara sejarah baru indonesia masyarakat taat prokes
Indones48216902,2022-02-28,Ibu Kota negara baru akan jadi Superhub ekonomi Indonesia. Masyarakat Taat Prokes https://t.co/ghUy9OEMY4,ibu kota negara baru jadi superhub ekonomi indonesia masyarakat taat prokes
TobangN,2022-02-28,"Ibu kota negara baru akan jadi super hub ekonomi 6 Cluster usaha ini penopangnya
Masyarakat Taat Prokes https://t.co/DyT3GVpG36",ibu kota negara baru jadi super hub ekonomi cluster usaha penopangnya masyarakat taat prokes
PutraBo11381889,2022-02-28,"Ibu kota negara baru akan jadi super hub ekonomi 6 Cluster usaha ini penopangnya
Masyarakat Taat Prokes https://t.co/gsFvOo3QAy",ibu kota negara baru jadi super hub ekonomi cluster usaha penopangnya masyarakat taat prokes
panggava,2022-02-28,"Ibu kota negara baru akan jadi super hub ekonomi 6 Cluster usaha ini penopangnya
Masyarakat Taat Prokes https://t.co/i6KAdB8NLY",ibu kota negara baru jadi super hub ekonomi cluster usaha penopangnya masyarakat taat prokes
Windiyanty1,2022-02-28,"Ibu kota negara baru akan jadi super hub ekonomi 6 Cluster usaha ini penopangnya
Masyarakat Taat Prokes https://t.co/bQbGyLZjoj",ibu kota negara baru jadi super hub ekonomi cluster usaha penopangnya masyarakat taat prokes
AriesHetty,2022-02-28,@geloraco Negara tdk ada uang kenapa utk ibu kota negara baru ada uang,negara uang utk ibu kota negara baru uang
update_santri,2022-02-28,"Masyarakat Taat Prokes
Ibu Kota Negara Baru https://t.co/tlCogpbAA7",masyarakat taat prokes ibu kota negara baru
SMustaj,2022-02-28,Ibu Kota Negara Baru akan jadi superhub ekonomi~ - Masyarakat Taat Prokes https://t.co/aPUpb4ju7k,ibu kota negara baru jadi superhub ekonomi masyarakat taat prokes
SMustaj,2022-02-28,"Ibu Kota Negara Baru akan jadi superhub ekonomi, - Masyarakat Taat Prokes https://t.co/nwEiheIV2q",ibu kota negara baru jadi superhub ekonomi masyarakat taat prokes
SMustaj,2022-02-28,"Ibu Kota Negara Baru akan jadi superhub ekonomi, - Masyarakat Taat Prokes https://t.co/3IzadyN3sp",ibu kota negara baru jadi superhub ekonomi masyarakat taat prokes
SMustaj,2022-02-28,Ibu Kota Negara Baru akan jadi superhub ekonomi - Masyarakat Taat Prokes https://t.co/vfRCAql6aw,ibu kota negara baru jadi superhub ekonomi masyarakat taat prokes
IbuPertiwii,2022-02-28,"Ini adalah alasan ibu kota negara baru
Masyarakat Taat Prokes https://t.co/R4mXMleI5D",alasan ibu kota negara baru masyarakat taat prokes
mantegil1,2022-02-28,"Ibu kota negara baru
Masyarakat Taat Prokes https://t.co/8zmKWlQtwJ",ibu kota negara baru masyarakat taat prokes
DandiHandoko,2022-02-28,Mari kita dukung pemindahan Ibu Kota Negara yang baru demi pemerataan pembangunan di seluruh Indonesia. Masyarakat Taat Prokes https://t.co/cJSNLFHU9T,dukung pemindahan ibu kota negara baru pemerataan pembangunan seluruh indonesia masyarakat taat prokes
DandiHandoko,2022-02-28,Mari kita dukung pemindahan Ibu Kota Negara yang baru demi pemerataan pembangunan di seluruh Indonesia. Masyarakat Taat Prokes https://t.co/hT1sjVt5Ed,dukung pemindahan ibu kota negara baru pemerataan pembangunan seluruh indonesia masyarakat taat prokes
DandiHandoko,2022-02-28,Mari kita dukung pemindahan Ibu Kota Negara yang baru demi pemerataan pembangunan di seluruh Indonesia. Masyarakat Taat Prokes https://t.co/orGVStoI1g,dukung pemindahan ibu kota negara baru pemerataan pembangunan seluruh indonesia masyarakat taat prokes
DandiHandoko,2022-02-28,Mari kita dukung pemindahan Ibu Kota Negara yang baru demi pemerataan pembangunan di seluruh Indonesia. Masyarakat Taat Prokes https://t.co/PtH0sYKiHL,dukung pemindahan ibu kota negara baru pemerataan pembangunan seluruh indonesia masyarakat taat prokes
HarianKicau,2022-02-28,"Ibu Kota Negara baru akan jadi superhub ekonomi, 6 klaster usaha ini penopangnya. Masyarakat Taat Prokes https://t.co/DyUbkoyVlD",ibu kota negara baru jadi superhub ekonomi klaster usaha penopangnya masyarakat taat prokes
SaniaNurRahma1,2022-02-28,Jangan percaya kaum menyesatkan! Ibu Kota Negara yang baru menjadi kepentingan masa depan bangsa dan akan menjadi sejarah serta ikon baru Indonesia. Masyarakat Taat Prokes https://t.co/7DL8YwH3qM,jangan percaya kaum menyesatkan ibu kota negara baru menjadi kepentingan masa depan bangsa menjadi sejarah ikon baru indonesia masyarakat taat prokes
SaniaNurRahma1,2022-02-28,Jangan percaya kaum menyesatkan! Ibu Kota Negara yang baru menjadi kepentingan masa depan bangsa dan akan menjadi sejarah serta ikon baru Indonesia. Masyarakat Taat Prokes https://t.co/3WuDFJM2jn,jangan percaya kaum menyesatkan ibu kota negara baru menjadi kepentingan masa depan bangsa menjadi sejarah ikon baru indonesia masyarakat taat prokes
SaniaNurRahma1,2022-02-28,Jangan percaya kaum menyesatkan! Ibu Kota Negara yang baru menjadi kepentingan masa depan bangsa dan akan menjadi sejarah serta ikon baru Indonesia. Masyarakat Taat Prokes https://t.co/uOjl4KhCHE,jangan percaya kaum menyesatkan ibu kota negara baru menjadi kepentingan masa depan bangsa menjadi sejarah ikon baru indonesia masyarakat taat prokes
SaniaNurRahma1,2022-02-28,Jangan percaya kaum menyesatkan! Ibu Kota Negara yang baru menjadi kepentingan masa depan bangsa dan akan menjadi sejarah serta ikon baru Indonesia. Masyarakat Taat Prokes https://t.co/HwvZ9aZLVI,jangan percaya kaum menyesatkan ibu kota negara baru menjadi kepentingan masa depan bangsa menjadi sejarah ikon baru indonesia masyarakat taat prokes
putribudianto,2022-02-28,"Ibu Kota Negara Baru Akan Jadi Superhub Ekonomi, 6 Klaster Usaha Ini Penopangnya

Masyarakat Taat Prokes https://t.co/f0T2SFN9mM",ibu kota negara baru jadi superhub ekonomi klaster usaha penopangnya masyarakat taat prokes
aiiptu,2022-02-28,"Ibu Kota Negara baru dirancang dapat menciptakan inklusivitas, mengadopsi prinsip kota pintar dan pendekatan ramah lingkungan, serta membuka peluang inovasi dan investasi dari sektor swasta. 

@Suharso_M  @Jiwamudaindo",ibu kota negara baru dirancang menciptakan inklusivitas mengadopsi prinsip kota pintar pendekatan ramah lingkungan membuka peluang inovasi investasi sektor swasta
arif_rintang,2022-02-28,"Ibu Kota Negara baru dirancang dapat menciptakan inklusivitas, mengadopsi prinsip kota pintar dan pendekatan ramah lingkungan, serta membuka peluang inovasi dan investasi dari sektor swasta. 

@Suharso_M @Jiwamudaindo https://t.co/OV5gDhRJdS",ibu kota negara baru dirancang menciptakan inklusivitas mengadopsi prinsip kota pintar pendekatan ramah lingkungan membuka peluang inovasi investasi sektor swasta
KarinaSyafira69,2022-02-28,"Ibu Kota Negara Baru Akan Jadi Superhub Ekonomi, 6 Klaster Usaha Ini Penopangnya

Masyarakat Taat Prokes https://t.co/RhLaSrkRu2",ibu kota negara baru jadi superhub ekonomi klaster usaha penopangnya masyarakat taat prokes
IndahPe40836519,2022-02-28,"Ibu Kota Negara Baru Akan Jadi Superhub Ekonomi, 6 Klaster Usaha Ini Penopangnya

Masyarakat Taat Prokes https://t.co/2nZuIhrhMz",ibu kota negara baru jadi superhub ekonomi klaster usaha penopangnya masyarakat taat prokes
DianHernawati5,2022-02-28,"Ibu Kota Negara Baru Akan Jadi Superhub Ekonomi, 6 Klaster Usaha Ini Penopangnya

Masyarakat Taat Prokes https://t.co/CSVXRwqw4x",ibu kota negara baru jadi superhub ekonomi klaster usaha penopangnya masyarakat taat prokes
WellOne11,2022-02-28,"Ibu Kota Negara Baru Akan Jadi Superhub Ekonomi, 6 Klaster Usaha Ini Penopangnya

Masyarakat Taat Prokes https://t.co/bajGOQAJ61",ibu kota negara baru jadi superhub ekonomi klaster usaha penopangnya masyarakat taat prokes
roseuune,2022-02-28,"Ibu Kota Negara baru dirancang dapat menciptakan inklusivitas, mengadopsi prinsip kota pintar dan pendekatan ramah lingkungan, serta membuka peluang inovasi dan investasi dari sektor swasta. 

Untuk mewujudkan visi tersebut, disusun delapan prinsip: 

@Suharso_M @Jiwamudaindo",ibu kota negara baru dirancang menciptakan inklusivitas mengadopsi prinsip kota pintar pendekatan ramah lingkungan membuka peluang inovasi investasi sektor swasta mewujudkan visi tersebut disusun delapan prinsip
akuyanggendut,2022-02-28,"Ibu Kota Negara baru dirancang untuk dapat menciptakan inklusivitas, mengadopsi prinsip kota pintar dan pendekatan ramah lingkungan, serta membuka peluang inovasi dan investasi dari sektor swasta. 

@Suharso_M @Jiwamudaindo",ibu kota negara baru dirancang menciptakan inklusivitas mengadopsi prinsip kota pintar pendekatan ramah lingkungan membuka peluang inovasi investasi sektor swasta
aktualofficial,2022-02-28,"Lompatan Transformasi, Kenal Lebih Dekat Dengan Ibu Kota Negara¬†Baru https://t.co/ShbiEvZ2AZ",lompatan transformasi kenal lebih dekat ibu kota negara baru
pelitabangsa45,2022-02-28,"Ibu Kota Negara baru dirancang dpt menciptakan inklusivitas, mengadopsi prinsip kota pintar dan pendekatan ramah lingkungan, serta membuka peluang inovasi &amp; investasi dari sektor swasta. 

@Suharso_M 
@Jiwamudaindo",ibu kota negara baru dirancang dpt menciptakan inklusivitas mengadopsi prinsip kota pintar pendekatan ramah lingkungan membuka peluang inovasi amp investasi sektor swasta
